date,Abuse Level,Tweet Content,Interest
2017-08-27,1 ,"트젠은 성소수자가 아닙니다.트젠은 성이분법을 지지하며 가부장제에 순종적인 여성혐오를 돋구는 사람들일 뿐입니다. https://t.co/jsr4t0tCwF",19
2017-08-27,1 ,@nobody_came_yy ㅋㅋㅋㅋㅋㅋㅋ 아니 지가 트젠이나 트젠꿘이면 그 기준이 뭔지 공부정도는 하지않았을까요?ㅋㅋㅋㅋㅋ 왜 설명을 못하는건지 ㅉㅉㅉ,3
2017-08-27,1 ,@m00min_0_0 @Jo_nan_sil_ 그래서 님 말대로 저런 애들이 일부면 대체 왜 트젠 내부에서 자정이 안되냐고요ㅋㅋㅋㅋ 안그러는 트젠이나 씨디들이 야 그런거 하지마 그건 여혐이잖아 강간조성하는거 역겨워 이러면서 말리는게 왜 없냐고요 자정이 안되면 일부라고 우기는게 무슨소용이냐고ㅋㅋㅋㅋ,1
2017-09-16,1 ,트젠꿘들은 트젠의 권리를 원하는게 아니라 여자들의 권리를 차지하고싶은거다. https://t.co/bd939zOvgB,2
2017-10-10,1 ,아니 진자 트젠들 말하는거보면 백이면백 6나는 어렸을때부터 치마를 좋아햇고 핑크색을 좋아했고 긴머리를 좋아했고 어쩌고저쩌고 그런 여성성이 좋아서 전환했다9 하는데 나더러 트젠에 대해 잘 모르면 조용히하래;ㅅ; 나 뭐 트젠 전문가 되어야함?;;;;;,0
2017-11-13,1 ,"@Knice__ 1. 트랜스젠더는 기존 가부장제가 원하는 여성상을 강화시켜 여권을 떨어뜨립니다. 2. 시스여성은 트랜스젠더 여성or비트랜지션 트젠에게 당하는 범죄(성추행 성폭행 등)에 쉽게 노출되어 있습니다. 굉장히 비일비재합니다.",6
2017-11-13,1 ,@tuck9831 트젠이 가부장제 사회구조의 피해자이며 동시에 페미니즘과 양립할 수 없고 맨박스에 갇힌 남성들이고요. 남성으로서의 영역을 확장할 생각 않고 ‘나는 이것일 거다’ 믿는 여성으로서의 영역에 귀속되려 하는 거라고요.,3
2017-11-13,1 ,"@Knice__ 저는 트젠이 가부장제 사회구조의 피해자이지만, 동시에 페미니즘과 양립할 수 없는 가치를 지니신 분들이라 생각할수밖에 없습니다. 리버럴은 전자에 집중하는 것이고, 레디컬은 후자에 집중하는 거라고 생각하시면 됩니다.",2
2017-11-13,1 ,@helpmefindlife 여성의 몸을 가질 수는 있지만 대부분의 트젠은 그 몸에 우리가 버리고 싶어하는 것들로 치장을 해요. 가부장제는 그런 여성성들을 고착화시키는데 힘을 불어 넣어요. 그래서 페미니즘의 주요 목적 중 하나가 된거구요! 제가 체력이 고갈되서 명쾌한 답변을 드리지 못해서 죄송해요ㅛㅛ,0
2017-11-13,1 ,여자와 페미니스트에게 더욱 엄격한 윤리적 기준을 들이밀지 말라고 말하면서 왜 트젠에게는 자기들이 그걸 내밀지? 그래놓고 인권같은 소리하지마라 역겨우니까 니들이 말하는건 여성인권이 아니라 걍 니 억울함 토로뿐임,1
2017-11-14,1 ,트렌스젠더는 가부장제와 궤를같이하고있다는 말 공감한다. 실제로 동성애자는 처형하면서 트젠은 전환수술 비용까지 주는 나라도있고 멀리안가고 홍즌표발언만봐도 ㅋㅋ..,33
2017-11-14,1 ,특히 트젠의 경우 가부장제/콜셋 타파라는 랟펨과 아주 반대되는 노선을 가는 사람들인데 왜 끌어안으라고 징징거려 니네 갈길 가ㅋㅋㅋ 머리기르고 치마입고 싶고 가슴 엉덩이 라인 이쁘게 넣고 다니고 싶어서 여자로 살고 싶다는 그 길 가라고ㅋㅋㅋㅋ,1
2017-11-14,1 ,치마 입는 거?하이힐 신는 거?샤랄라하게 퍼지는 스커트 좋아하고 또각거리는 하이힐 소리가 좋을 수도 있지 뭐.근데 가부장적인 사회에서 자란 내가 여성으로서 봐은 것은 여자에게 항상 사회적으로 이런걸 강요하는 분위기인데 이걸 트젠이 생각하는 여성상이 실제적인 여성을 틀에박히게 만든다고봄,0
2017-11-14,1 ,트젠들이 그렇게까지 가부장제하의 여성 남성이라는 젠더개념에 귀속되고싶다면 말릴생각은 없는데 제발 거기에 페미니즘 갖다붙이지 말자. 굳이 따지자면 트젠은 반페미니즘적이니까,0
2017-11-14,1 ,@ytsdream 제가 신이라 믿고 남들에게 피해만 안 주면 상관없죠. 트젠은 존재 자체가 여혐이고 사회구조의 피해자이며 가해자니까요. 여성들은 트젠 범죄에 노출돼있고 지금도 피해자가 수두룩하며 가부장제 재생산으로 간접적으로도 피해를 주는데 단지 ‘불경한 행위’예요?,2
2017-11-15,1 ,"하리수가 트젠으로서 겪었을 거친길,,, 왜,,,여자가 걱정해줘야함? 이미 여자는 가부장제에 더 거친길 걷고 있는데? 지가 사회가 원하는 ^여성성^얻고 싶어서 걸은 길을 왜 포장해줘야하냐고~~",2
2017-11-15,1 ,@tal05250408 @FFF_nohair @cosmebox_bot 트젠은 트랜지션 전까지 성동일성장애를 앓는 가부장제사회에 피해자였으나 그 사회에 순종하고 젠더롤에 도전하지 않은 채 여성이라 인정해달라 하는 여혐 가해자입니다. 레디컬 페미니스트는 트젠을 비여성으로 생각합니다.,2
2017-11-15,1 ,"Mtt 트젠은 남자가 가부장제 사회에 순종하고, 인정받겠다는 미소지니 그 자체다.",0
2017-11-16,1 ,성소자인 하리수는 뭔 빻은 말을 해도 쉴드 쳐줘야 하지만 시헤녀인 서희는 트젠한테 선빵 쳐맞고도 욕먹어야 하는 것 ㅠㅠ 왜냐면 시헤녀는 시스젠더 권력을 가지고 있으니깐 ㅠ!! 시헤남이요? 시헤남은 말해도 안 들으니까 패지 말아야죠; 인공보지 만지고 싶다고 해도 그냥 두세요;;,5
2017-11-19,1 ,레디컬은 남성을 여성으로 받아들여줌으로써 기존 가부장제를 강화시킨다는 트랜스젠더리즘을 비판하고 있지 트젠의 자아를 지운다는 게 아니고요 ㅋㅋ 트젠이 여혐 하는 건 안 보이시나봅니다... https://t.co/3jEwKrc8Dq,5
2017-11-19,1 ,@Sackbo_ @hannam_go_jg 트랜스젠더리즘이라는게 대체 뭐죠? 그분들은 궁예시길래 여자의 마음을 압니까? 가부장제가 만든 여성이미지에 비춰보지 않고 신체멀쩡한 남자가 자기가 여자라고 어떻게 알았죠? 여성혐오의 대상이 여성만 있는게 아니라는 건 무슨 소린가요? 여성+트젠이란 소린가요? 트젠혐오는 그냥 트젠혐온데요,2
2017-11-26,1 ,리버럴인지 부라럴인지 쓰까인지는 애호박게이트 보고 느꼈으면 좋겠다. 그렇게 우리편이라고 감싸주는 남게이 씨디 트젠은 가부장제를 지키는 문지기임 알파메일의 꼬봉처럼 그들의 심기를 거스릴까치면 가장 먼저 여자 팬다고,0
2018-01-03,1 ,트젠은 가부장제가 만든 허구의 성을 따르는 놈들이고 여혐을 존나 인정하는 애들인데 걔네랑 여성주의자들이 어떻게 같이가냐 존나ㅋㅋㅋㅋㅋㅋㅋㅋㅋㅋㅋㅋ 대폭소한마당ㅋㅋㅋㅋㅋㅋㅋㅋㅋㅋㅋㅋ https://t.co/gcg1X6YuS3,100
2018-01-04,1 ,트랜스젠더집단의 네이밍을 '뺏는다'니.. 그 집단이 여성에겐 분명히 유해한 집단인데 '뺏는다'고하면 너무 여성한테만 박한거아닌가? 뭐 백번 봐줘서 트젠도 가부장제의 피해자라지만 트젠 중 대다수는 (모든 mtt로 봐도 무방) 가부장제를 이용해먹어서 여성들한테 엄연히 2차가해하는중인데ㅋㅋㅋ,4
2018-01-07,1 ,한남들도 다 여혐하는거 아닌데 그럼 한남욕도하면 안되죠. 시어머니가 며느리 괴롭히는거나 트젠의 여혐이나 다 가부장제의 산물인데 가부장제의 최대피해자는 여성이고 여성이 가부장제를 비판하는 것에 대해 여성도 기득권이라고 주장하는게 안티페미가 아니면 뭐란말임 https://t.co/3M4ocDlypS,6
2018-01-07,1 ,ㅋㅋㅋㅋ지가먼저 좆진지하게 비유법써가면서 키배떠놓고 이제와서 장난이래ㅋㅋ 트젠은 코르셋끝판왕 가부장제의 꼭두각시다~! 아 조크에요 조크^*^ https://t.co/bEs70xIXLj,1
2018-02-03,1 ,"시팔 진짜 페미니스트한테 요구하는거 더럽게 많네 퀴어인권운동하는 사람이 게이 트젠 버리겠단것도 아니고 여성인권 운동하겠다는데 대체 게이, mtt를 왜 여성들이 안고가야되냐고 ㅋㅋㅋㅋㅋㅋㅋㅋㅋㅋㅋㅋㅋㅋㅋㅋㅋㅋㅋㅋ 이 똑같은 말을 대체 몇번이나 하게 만드는거야",13
2018-02-03,1 ,음 그러면 여혐하는 게이나 트젠한테 똥꼬충 혹은 젠신병자라고 하는건 안되지만 한남이라하는건 괜찮다는 건가요..? 이건 나도 동의함 근데 똥꼬충이랑 젠신병자라는 말을 랟펨이 많이 쓰게요 한남이 많이 쓰게요? 당신 말의 옳은 부분은 동의하지만 유독 랟펨한테만 이러는게 이해가 안되네요 https://t.co/GBts0JDCy8,0
2018-02-21,1 ,@Ya_o_Ong 아 진짜요?ㅋㅋㅋㅋㅋ 아니 무슨 회사에서 라인타는것도 아니고ㅋㅋㅋㅋㅋ 트젠 인정받으려면 네임드 웩큐한테 줄 잘 서야겠네요 이야 힘들다 정말^^,0
2018-02-26,1 ,트젠한테 포용적인 사람들 찾으실거면 웩큐한테나 가셈 페미니즘에 쓰까먹지마시고 https://t.co/zD4aKgP2zi,5
2018-03-17,1 ,아니 ?????? 래디컬에 트젠 옹호하는 사람이 있을 수 있나?? 성별이분법을 부정하고 가부장제의 철폐가 목적인데  트젠을 어케 옹호하지?? 연민 말고,0
2018-03-30,1 ,아직도 명예살인이 빈번한 파키스탄에서 트젠을 여자앵커로 채용했다고 선전하는걸 보면 mtt 트젠은 가부장제랑 이해관계가 완벽하게 맞아떨어짐 남자가 합법적으로 여자자리까지 뺏는걸 소수자성으로 허울좋게 포장하니까.,1
2018-04-02,1 ,아 그럼 낙태충 생리충 빈궁마마 뽈록이 이런 거는 왜 무시하세요? 우리가 가만히 있는데 똥꼬충 게이 트젠 더럽다 이러면서 난데없이 난리 피우는 겁니까? 세상에 갑자기라는 건 없어요. https://t.co/7My5RopEQk,0
2018-04-21,1 ,"난 이 페미판에서 가부장제, 한남 못버리는 여자들 우쭈쭈 이해시켜서 가고싶은 마음 없다. 한남 못 버릴거면 적어도 부랄 으깨서 보지에 복종 시키는 방향으로라도 뭔가 좀 해보세요. 게이 트젠 얘기에 집중 그만 하자는 것 처럼 기혼여자들한테도 관심 끄고 우리 살길 얘기나 합시다.",0
2018-05-03,1 ,한남충 일러레들 왜저렇게 보지를 불알처럼 그림?? 역겨움ㅋㅋㅋㅋ 불알이 앞뒤로 달린 트젠 빠는거같음,0
2018-05-28,1 ,그리고 무슨 트젠이 래디컬한테 뚜들겨 맞은것처럼 맨날 처얘기하는데 비수술MTT레즈비언트젠이 페미니즘세미나가서 성폭행한거랑 외국에서 트젠이 방망이들고 페미시위가서 6터프년들9 패러다닌건 봤는데 그 반대는 못봐서ㅠㅠ트젠웩큐쓰까성님들 알려주세요~!!~!,2
2018-05-30,1 ,"공부하는 웩큐들도 안쓰럽다.... 방금 누굴 봤는데 언급은 안하겠음.... 에휴.. 공부하는 방향이 어째 트젠쪽인건지.... 저기요, 그래봤자 트젠은 낙태죄 폐지, 범죄수사에서의 성차별, 몰카, 임금차별 같은 실질적인 여성 문제엔 좆도 신경안씀ㅋㅋㅋㅋㅋ",0
2018-06-26,1 ,@VSGQsqzli2SoJYB 맞아요맞아요 페미하는 여자들이 활동도열심히하고 성과도좋고 목소리도커서 거기에 비비려고 트젠의 젠더를 페미가 말하는 젠더랑 비빌려고 연구까지하잖아요 진짜더럽다;;; 애시당초 사회적성역할 지지하는 사람이랑 거기서 해방되려는사람이 어떻게 같이 있을수있나 싶고ㅋㅋㅋㅋㅋ,1
2018-08-04,1 ,"@Jairu_N 트젠과 랟펨은 양립할 수 없습니다. 트젠이 남성사회가 규정한 성역할, 젠더에 순응한다면 랟펨은 남성사회의 근원인 가부장제의 타파가 목표기 때문입니다. 챙겨봐야 ftm(female to male,여성이 남성으로) 만 챙기는 게 가능하다 봅니다.",3
2018-08-10,1 ,맞아 이거 예전에 망자방 10명 쯤 있었을 시절에 알려 드린건데 마리 트젠 남캐예요..... 제 취향이 더러워서 죄송합니다!! https://t.co/tKG4lkyv27,3
2018-11-11,1 ,트젠이 여혐사회의부산물인건 맞음 그렇기에 더더욱 여혊사회뿌사야대고...가부장제가사회악이라고해서 거기에 세뇌된 수많은 여성들도 개새끼되는게아니잔 ㅜㅜ 트젠도결국 여혐사회의 피해자가 아닌가...?,1
2018-11-26,1 ,"성소수자가 설마.. 트젠은 아니겠지 ㅋ 설마...기혼여성은 기혼이라는 사회가 강요하는 가부장제 시스템에 동의해서 빼는거고.. 그거빼곤 다 안고가는데? 뭘 다 빼 진짜 얼척없네 ㅋㅋㅋ 누가뺀대?",0
2018-11-26,1 ,"티는 성별정체성이라고 설명해준 순간 찝찝했던 내 기분이 확 풀리면서 내 페미니즘 지향 방향이 래디컬이라는 것을 깨닫,, 그리고 스까들의 역겨움을 동시에 깨달았다 스까들은 여성인권운동가라고 말하면 안된다 젠더를 탈피해야되는데 성고정관념을 그대로 고착하는 트젠을 쉴드친다고?",3
2018-11-30,1 ,그리고 여성혐오와 가부장제 유지자의 죽음같은 거 페미니스트 입장에서 솔직히 기쁩니다. 트젠이 여혐 아니라면 왜 치마입고 마리 기른 다음에 나는 비수술트젠이야 옴.맴.매 온냐들~ ㅇㅈㄹ인지좀 알아오세요 ; 트젠맨들은 어떻게 행동하는지 알아보고.,0
2018-12-16,1 ,"@rich_wish_ @wasinthedark_ 세뇌받아 트젠이 된것입니다. 그들은 가부장제의 피해자이자 성역할의 틀을 굳히고 있습니다. https://t.co/5iRMTK1Kfl",9
2018-12-18,1 ,@Yeobo_yours 물론 트랜스젠더로 정체화하는 이유를 '나는 남자 몸이지만 꾸미는 걸 좋아하고...' 아니냐? 여기서 못 벗어났음 당연히 트젠이 페미니즘보다 먼저 가시화 됐는데 그 당시에 그렇게 안 하면 인정 안 해주니까 선택지 있냐고 해도 그런 사회적 관습에 따랐으니까 결국 가부장제 공고히 하는 거 아니냐며,1
2019-01-03,1 ,가부장제 최대 수혜자 트젠,1
2019-01-30,1 ,트젠꿘들은 매번 내게 6트젠이 정체화 하기까지 겪은 노고와 고통9을 강조하는데 그걸 자세히 알려달라고 하면 절대 안알려준다. 사회적 여남성성에 영향을 받은 정체성이 아니면 뭐냐는 질문에 절대 대답 안한다.,2
2019-01-30,1 ,"@cloudywaterfall 트젠꿘 분들이 왜 자꾸 저한테 존재를 강조하시는지 모르겠는데 저는 트젠이 존재하지 않는다고 한 적 없습니다. 그들은 존재하죠, 생물학적 남성 또는 여성으로요. 또한 본인들이 주장하시는 젠더학을 반박하기 위해 트랜스젠더는 있어도 트랜스레이스는 없다는 주장이 나오고 있는 것 알고 계시나요?",0
2019-02-01,1 ,"@ThinkAndRead_fm 맞아요, 트랜스젠더 crime만 쳐도 나오는게 교도소 얘기인데. 피해자 기만도 적당히 해야지. 누굴 보고 혐오자라고 하는 건지 알 수가 없어요. 자기가 트젠에게 범죄를 당해도 젠더권을 외칠 거라던 트젠꿘도 있던데, 피해자가 당장 제 눈 앞에 안보인다고 맘편한 소리 하는 거죠.",0
2019-02-26,1 ,"https://t.co/BWE3hAonvj 트젠이 여혐하고 있으니까 트젠을 배척하는거지 ㅋㅋ 트젠이 여성더러 공짜보지 부럽다 보짓값 1500 거리는건 사회 저항이고 래디컬이 트랜스ㅇㅇ젠더라고 하는건 트젠 조롱이야? 어느쪽이 더 질 나쁜지는 최소한의 윤리의식이 있다면 알 수 있음ㅋㅋ",34
2019-03-12,1 ,@wiki_justice_5 저는 트젠이 성소수자라 생각하지 않습니다 LGBT에서 T를 빼야한다는 입장이구요. 가부장제를 사라지게하려면 애초에 부정할 필요없는 자기 성을 부정하는 트젠이 그 전에 해체돼야죠. 내가 무슨 성이든간에 혈액형따위 만큼의 취급을 하는 사회를 원하시는게 아닌가요? 바꿀필요 없는데 뭐하러 B형을,4
2019-04-02,1 ,@Nyangnyam37 강자에게 화내기 무섭다고요? 약자한테 화낸다고요? 불용시위가서 국회의원들에게 낙태죄 폐지 보낸건 여자가 국회의원보다 강자여서 그랬을까요? 지금도 트젠들이 여성 강간하는데 트젠이 여성보다 약자라고요? 지금 님은 트위터 속의 피씨한 나에게 너무 취해있는것 같아요 똥꼬충들 여혐충들 쉴드,1
2019-04-07,1 ,"한남들과 쓰까(게이, 트젠)들의 포주짓 굉장히 역겹다. 특히 4B 운동(비혼 비출산 비연애 비섹스)을 성적생산, 성노동 이라는 굉장히 그럴듯한 단어로 대한민국의 불법 성매매산업을 옹호하는 짓거리는 아주아주 역겹다. 이 계정을 팔로우하는 공식계정에 트젠옹호자가 있는것도 웃기다. https://t.co/tpp1lelQee",1
2019-04-08,1 ,남자랑 여자는 어차피 꼬추랑 짬지 차이밖애 업잔음 ㅋ ㅋ 정액 알레르기랑 꼬추 보기가 너무 역겨우면 트젠 ㅇㅈ해줌,0
2019-04-09,1 ,트젠 사회가 여성을 강간하는 트젠에 대해 침묵하니깐 피해자가 계속 생기는거 아냐. 그런데도 terf 욕하고 지들이 엄청 피해자인 척 구는거 역겨움.,0
2019-04-10,1 ,"@T_ina123 트젠: 사회가 규정해 놓은 여성성을 고착화하고 재생산함.여돌:여성의 성적대상화가 자연스럽게 이뤄지고  대중들 특히 여성들에게 나쁜 영향을 줌. 기혼 및 출산여성:스스로 가부장제도(남성체제)에 들어가서 남성중심의 부계혈통을 존속시켜주는 역할을 함",51
2019-06-19,1 ,"인스타,트위터할 때 존예인데 남성같이 느껴지는 쎄함 남자일까? 트젠,여상이 하도 많아서 친추걸기 무섭다 내 취향 아님 난 그런 애들 더럽게 봄 하나만 하자고 여자면 여자 남자면 남자",0
2019-07-15,1 ,"당하고, 트랜스젠더를 돕다가 트젠의 한남 때문에 배신당함. 다 배신당함. 이제와서 친구니 뭐니 들먹이지마세요. 여성에게 누구 친구니 뭐니 역겨움. 노예가 어떻게 다른 계급이랑 친구먹는지.",0
2019-10-20,1 ,어제도 올렸지만 여성전용 가지고 여성 욕하는 거 너무 역겹다. 당장 온라인만 봐도 그래 고대남이 여대 관음하려고 난리라고. 다 족쳐버리고 싶다는 거 대상도 여성이잖아. 트젠 다 족쳐버리고 싶다하면 탐라가 조용할까? 정신이 여성이라면서 다른 여성의 안전은 알 바도 아니라는 그남 잘봤습니다 https://t.co/j9CtP9cF68,47
2019-12-30,1 ,"@blemeep2 @ruecos_ 진짜로 여성인권에 관심이 있으면. 
트젠안껴주냐고 여성공격하며 빼액댈 시간에
그냥 조용히 그 시위갔겠지 여자라고 생각하신대니까 ㅋㅋㅋㅋㅋㅋ근데 아니잖아?그냥 좀 여자가 하는일에 끼어들어서 방해나 하지마. 방해나 하는 주제에 누구더러 여혐러래? 트젠 자체가 여혐인데",4
2020-01-05,1 ,트젠이 우스꽝스럽게 코르셋 체화하는거 여성혐오라고 하니까 여자가 코르셋입는건 그럼 왜 욕 안하냐고해서 여혐은 맞지만 여성에게 강요되니까 피해자성이 있기때문에 맥락이 좀 다르다했었는데 끝까지 우김 기분 더러웠었음. 근데 오늘 갑자기 머라 기가막힌 대답이 생각남.,3
2020-01-08,1 ,"여성의 성기는 앞구멍, 트젠의 성기는 질이라 하는 꼬라지도 역겹지만
고추는 누구나 가질 수 있는 보편적인 기관처럼 묘사한 것도 진짜 징글징글하다. 인간의 기본적인 성기를 고추로 선언한 거 아니냐고. 젠더퀴어들은 지독할 정도로 고추중심적이라니까 https://t.co/JyNYLeuT5z",2
2020-01-13,1 ,맞아.. 일본 양산형 모에(우웩앱창)여캐는 드랙내지는 트젠에 가깝다고 생각함 철저하게 메일게이즈 기반으로 만들어진 모에.. 알고리즘 클리셰 사념체에다가 대강 모에한 여자 가죽만 씌워놓고 여자라고 우기는점이,3
2020-01-17,1 ,성별 이분법적 구조에서 트젠은 위협이 됩니다!' -&gt; 뇌에 힘줘서 내맘대로 이분법에서 넘나드는게 이분법적 구조에 뭐가 위협이 된단 말인가. 결국 이분법은 바뀌지 않을 뿐더러 지들이야말로 착실하게 이분법을 이용해 먹고 있는데?,6
2020-01-21,1 ,트젠들 AV배우 보지사진 들고가서 이렇게 디자인해달라 그러는 거 모르는 사람 없겠지ㅋㅋ 굳이 사진 안들고가더라도 인공보지 돈이 얼만데! 이러면서 의사랑 상의 존나해서 보지 6디자인9 빡세게 함 이거 다 트젠이 지들 입으로 말한거다^^ 진짜 머리끝부터 발까지 가짜로 만들면서 여혐아닌게 없음,831
2020-01-23,1 ,"남자가 트젠 앨라이짓 할 때가 제일 역겨움. 왜냐면 기득권남에게 트젠 옹호는 개이득 그 자체거든.
1. 이미지 챙길 수 있음
2. 단 하나도 내어줄 필요 없음 입만 털면 됨
3. 트젠이 사회적 여성성 수행할 경우 여자들에게 코르셋 압박 강화 가능
4. 관련 사업 진출 가능
5. 정신적 여성을 인정함으로",323
2020-01-24,1 ,트젠이 가부장제의 정석같은 존재래서 조금 어이없고 웃겨짐 그렇죠... 가부장제는 여성과 남성을 선천적 절대불변의 존재로 보고 완벽히 분류하여 권력을 공고히하지 않으며 인간의 성별이 후천적으로 변화함을 지지하여 가부장제의 수명을 늘리는 미래지향적 태도를 가지기로 했나봅니다...ㅋㅋㅋㅋ,0
2020-01-25,1 ,"rt 이성애중심적인 사회에서는 트젠 인정하는게 더 쉬우니 당연한 결과 ㅋㅋ
트랜스젠더리즘 자체가 성역할고정관념에서 비롯된거니 트젠 인정하면 가부장제와 젠더룰이 위협받을 일은 없기 때문임
반면 레즈비언은 남성 없는 결합이니 존재 자체로 가부장제에 위협적이라 동성혼 법제화 안하는거임",7
2020-01-26,1 ,"가부장제 환멸나 설날에 깨달음 얻고 현실에서 탈코하고 트위터에선 새계정 팠습니다 남자, 트젠, 젠더론 받지 않습니다 남성 올려치는 컨텐츠 소비하지 않습니다 편하게 아무거나 흔적 남기시면 찾아가겠습니다 이제 목소리를 내겠습니다
#탈코러_트친소
#래디컬_트친소
#랟펨_트친소",13
2020-01-29,1 ,음..트젠 역겹다기보다는 이해못함.ㄱ싫으면 블락하셈..솔직히 여자남자 몸 차이는 가슴있고 없고 좆달렸나 없냐잖어..그 외엔 비슷한데..음..뭐라하는지 모르겠다.같은 퀴어여도 섹슈얼이랑 젠더는 좀..모르겟삼..,0
2020-01-30,1 ,"진짜 트젠이 생각하는 여자가 뭐임? 그놈의 인형놀이 예쁜옷 화장 
현실 내가 여자라서, 여성혐오인걸 알아차리면 매순간이 역겹기만한데 걔네는 그걸 알까? 모든 순간이 여성혐오인데? 그런거 생각이나 해봤을까? 그와중에 예전부터 인형놀이를.. 화장을 옷을.. 해서 나는 여자라고 느껴이러고잇노",0
2020-01-31,1 ,"아니 종이든 뭐든 비유로 말하려는 내용에 부합하면 할 수 있는거지. 거기다가는 '신체의 복잡성' 타령으로 딴지 걸면서 논점일탈을 하더니, 정작 트젠은 '신체는 본질적 기준이 없고 인공보지도 보지이며 기능이 부족해도 동등하며 심지어 경험이 없어도 여자다!' 이런 주장을 편다",56
2020-01-31,1 ,신체에 기준이 없으면 트젠이 애초에 왜 그 '인공보지'를 만들겠니? 아무리 빡대갈이라지만 제발 생각이라는 걸 해보고 좀 살아ㅋㅋㅋㅋ,60
2020-01-31,1 ,@TransGenderASY 계속 남자로 살아와서 처음부터 명절 음식 만들지도 않은 트젠이 가부장제 타파한답시고 전 안부친다고 말하니까 이상한거죠,3
2020-01-31,1 ,"@mk00253 시스여성보다 트젠이 범죄 더 많이 저지르는데? 시스여성들에게 범죄 저질러대면서 시스여성보다 지들이 불쌍하다고 피해자코스프레하는 거 존나 역겹다.
트젠들은 생물학적 성별을 부정함. 신체기관이 어떻든 대가리 속에 들어있는 관념이 우선한다는 믿음은 생물학과 그다지 어울리지 않음.",3
2020-02-02,1 ,트젠인 사람의 인권 자체는 존중함. 사람으로써 대할 수 있음. 그런데 같은 여성으로는 안 대할 거임. 몇십년을 남자로 살아왔는데 꼬추 떼어내고 보지 달았다고 여자로 취급하라니. 말이 돼...?? 지금 레즈클럽만 해도 마찬가지임... 남자새끼들 레즈인 척 어플 가입하는 것도 역겨운데,4
2020-02-02,1 ,"ㄱㅇ랑 ㄹㅈ가 다르듯 ㄹㅈ랑 트젠도 다르단다 설마 그것도 모르는 거 아니지? 그러니까 같은 곳에서 어울리려고 하지 않았음 좋겠다~
역겨워하거나 비하하거나 이해 못하는 건 아닌데 싫어질만한 행동들 자꾸 사서 하면 너네도 배제 대상 밖에 더 되겠니 😅 니들이 그렇게 만든다는 것만 잊지마라 😉",2
2020-02-02,1 ,"존웃ㅋㅋㅋㅋ갑자기 애호박 생각나고...자기연민 심한 사람 정말 보기만해도 돌아버리겠는데 (+ 자의식 과잉) 한남 기혼여성 트젠에 많은 것 같다.  공통점은 가부장제 부역자,  그남 못잃어 광광이들",0
2020-02-04,1 ,트젠 응호하고 감싸주면서 페미라 하는 분들 님들은 페미 아니에요 백인을 더 우선시 하고 감싸주면서 흑인 인권 운동가라는 거나 비장애인이 더 낫다고 하면서 장애인 인권 운동가라고 하는 거랑 뭐가 달라요 페미 물 더럽히지 말고 트젠 인권 운동가라고 하세요 페미계에 발도 들이지 말고,2
2020-02-05,1 ,트젠이나 트젠 앨라이들은 남성권력에 저항하는 존재가 아님. 가부장적 이데올로기를 뼛속 깊이 내면화한 시종들임.,35
2020-02-05,1 ,트젠은 여성성(ㅎㅌㅊ코르셋)=여성이라는 가부장적인 도식 아래에서만 성립가능함 남성의 입지는 공고하고 여성의 파이만 나누게 되는 거임 여성주의자 타이틀 달고 트젠 지지하는거 어이털림 걍 여성성지지자로 이름 바꾸든가,0
2020-02-05,1 ,"흑인으로 성형한 백인이랑 트젠이 다른게 뭐냐고ㄷㄷ
검은 피부가 좋고 아프리카 음식이 좋고
핑크색이 좋고 치마입고 화장하는게 좋고
색소주사 맞고 까매졌으니까 흑인이고
꼬추 접어서 인공보지 만들었으니까 여자고
존나 똑같음ㅋㅋ",2
2020-02-06,1 ,@focusin_mylife 정말 트젠꿘들이나 남권주의자들은 기본적인 피아식별 능력을 길렀으면 좋겠습니다ㅋㅋㅋㅋ 자기네들이 트젠(남)이든 남성을 응원하든 그남들과 같은 대접을 받는 것도 아닌데 말이에요.,0
2020-02-07,1 ,@kyugenius 무엇이 남냐면 고자가 여대 문턱 넘는 걸 막았습니다 지금 환영하면 비수술 '트젠'도 들어오려고 하겠지요 여자 갈 곳 뺏고 남녀공학 만들려고 난리가 나겠죠 착잡하네요 동반자법도 제정되지 않았는데 지금 가부장제 강화하는 트젠 편들고 있을 때가 아닙니다,158
2020-02-07,1 ,"Mtf 트젠의 여대입학에 반발이 있었던것은 그게 비정상이라서가 아니라 여대의 설립 취지와 어긋나기때문이고 성별은 수술로 바꿀 수 없기 때문,젠더라는 것은 가부장제가 만들어낸 허상이다 트젠 개개인은 가부장제의 희생자이지만 그것으로 인해 여성이 고통받는다면 난 절대적으로 여성을 지지할 것",1
2020-02-07,1 ,트젠 본인의 인권이 우리가 고려해야 할 가장 중요한 가치 아닐까&lt;&lt;아니 그래서 트젠 인권이 가장 중요한 웅앵이면 시스여성은 언제 챙겨주시는데요ㅋㅋ 맨날 우리더러 다 챙기래 걍 비웃겨;; 여자 인권 챙기자!&gt;남자인권은?ㅋ 역차별!&gt;트젠은?!&gt;어쩌고는?!&gt;ㅗㅗㅗ,0
2020-02-08,1 ,"@Juana_soop @RiguTang_ 결국 타래도 간성에 관한 내용이네요
SRY의 돌연변이로 인해 XY 여자, XX남자.
그런데 이게 트젠이랑 관련이 있나요?
유전자땜에 트젠이 되나요?
유전자 돌연변이가 있는 사람들은 실제로 그로 인해 질환을 겪고 있을뿐더러 트젠과 엮이는걸 원하지 않아요.
트젠을 옹호하기 위해 간성 끌고오지마세요",17
2020-02-08,1 ,주위에 트젠이 없어서 실제로 아는 사람은 없지만 트위터에선 ‘업’한다며 레이스 팬티를 입고 다리 벌려 찍은 거울샷 올리고 자기가 비는 날 하루 데이트할 남자를 온라인에서 구한다... 어딜봐서 여자야 진짜 여자면 저렇게 하기 힘들뿐더러 있더라도 소수인데 트젠은 저렇지 않은 사람 찾기가 힘듦;,0
2020-02-11,1 ,남자는 강간피해자라고 인정 못받으니(트젠강간도 남자가 함) Mtf트젠의 존재를 인정하라니 이제 남자도 강간피해자로 인정받을 뿐더러 애초에 법이란게 결코 공정하거나 합리적이지 않다는 것을 보여줄 뿐이다. 법이 고추단 트젠 인정했으니 여자들도 인정하란게 어처구니 없는 소리임을 증명 할뿐,46
2020-02-13,1 ,"트젠의 여대입학은 마치..중국인이 본인이 우한폐렴 걸린걸 알고도 기어이 한국인이랑 기숙사방 같이 쓰겠다고 떼쓰는 그런 맥락의 상황이다.
그럼 그 중국인보고 미쳤다고 욕하고 조롱하는 한국인이 폭력적인거냐? 그 한국인더러 고통을 나누지못한다며 이기적이다고 돌 던지는 사람이 폭력적인거냐?",1
2020-02-13,1 ,ㅇㅇ 인공보지 달아서 좋겠어요. 자연보지는 돈 걍 갖고 나와서 돈도 안들고 관리도 안해도 되서 미안하네여. 이왕 돈들여서 인공보지 다신거 트젠스럽게 큐빅도 박고 그라데이션도 넣고 옵션 좀 더 추가하세요. 엄청 이쁘겠넹 남자들이환장하고 좋아할꺼에요 암요암요,0
2020-02-15,1 ,"트젠꿘 쪽에서 핑크파랑 조합 트젠색이라 밀던데(특히 파스텔톤으로)
이거 2016년에 올해 컬러로 뽑혀서 핑파 조합 옷 인쇼나 오프 옷가게에서 엄청 팔았는데 여기서 유행따르던 사람들 강제 트젠행ㅋㅋㅋ으이그 트젠아",2
2020-02-18,1 ,"난 이태원 클라쓰에서 왜 이주영을 트젠으로 넣었는지가 너무너무 투명하게 보여서 역겨웠음
평소 &lt;보이시&gt;,&lt;걸크러시&gt;라는 말이 붙는 배우만 골라서 캐스팅한게 너무...
&lt;머리짧은 여자는 트젠이나 레즈일걸&gt;
라는 대다수 여성의 여성성 탈피를 부정하는 꼬라지를 뒷받침하는거랑 뭐가 다름",13
2020-02-23,1 ,쓰까들 존나 저열 ㅋㅋㅋㅋ 즈그들 비수술 트젠이랑 여탕 쓰라 하면 기겁할 거면서 ㅋㅋㅋㅋㅋ 난 자지공예남이랑도 쓰기 싫지만 ㅠㅠ 웩!!! 같이 쓰는 쓰까? 진정한 고추사랑걸 인정합니다,18
2020-02-23,1 ,@just_somyeon 거부감을 드러내며 반박하는건 지금 트윗이에요. 지금 트윗만 보고 답없는 역겨움으로 인해 트젠을 거부한다 생각마시고 만약 논리적인 반박을 원하시면 제 메인트윗 한번 읽어주세요,0
2020-02-27,1 ,@prismnolight @Pasta_ng @DDangDDa @bmmmzd @gray_blue_cloud 가부장제 시스템에 꾸역꾸역 기어들어가려고 하는 건 트젠이고 그걸 옹호하는 게 님이에요 정신 차리기,1
2020-02-27,1 ,@prismnolight @Pasta_ng @DDangDDa @bmmmzd @gray_blue_cloud 트젠이 여성에게 피해를 주지 않을 거라고 합리화하지 말고 여성혐오와 가부장제 답습을 멈추세요,1
2020-02-28,1 ,@prismnolight @bmmmzd @DDangDDa @Boonno_woman @gray_blue_cloud @Pasta_ng 이분법적인 젠더롤을 거부는 커녕 MTF는 여성이 내다버린 코르셋을 주워입고 그것으로 자신이 여성이라 주장하고 있는데요 트젠은 가부장제가 원하는 여성성을 수행하기 때문에 페미니즘과 젠더론은 함께 갈 수 없습니다,6
2020-03-07,1 ,"옛날에 무슨 다큐 봤는데 
경로당 다닐 나이 된 트젠 똥꼬충이
항문이 안 다물어져서 똥 지릴까봐 
기저귀 차고 산다는 그런 내용이었음
성욕에 미쳐서 트젠된 거 존나 후회한댔음",0
2020-03-09,1 ,"페미들이 트젠더러 ""고추 자른다고 XY가 XX 되진않는다""라고 백번 맞는 말을 해도, 우파를 자처한다는 인간들이 트젠의 여대입학을 찬성하질않나~
(성기 자른다고 생물학적 성별이 안바뀐다고 말한게 남혐이냐?)

근데 사실 이들은 남혐에 기분나쁜게 아니다.
혹여나 누가 호남 욕할까봐 그러는거다.",3
2020-03-15,1 ,당장 여자화장실가면 몰카가 수두룩한데 거기에 또 앞으로 내 옆칸에 앉은새끼가 그냥 변태새낀지 트젠인지 아니면 치매처걸려서똥칠하는새낀지 하나하나 사륜안써서 알아보고 존중해줘야한다고? 그냥 여자더러 뒤지라하지그러냐? 우리 뒤지면 긴머리코르셋꽉조인모습이 여자라고 기록에남기게?,0
2020-03-16,1 ,아니 그니까 나는 애초에 트젠 논리가 납득이 안감.. 성전환수술 (가짜보지 만드는걸 대체 왜 성을 바꾸는 수술이라고 그러는지 모르겟음) 은 안햇지만 자기 스스로 여자라고 생각하기때문에 비록 몸은 남자일지언정 비수술트렌스젠더 여자다... 이게 몬 개소리임?,1
2020-03-16,1 ,역시 트젠은 권력자임ㅋ 가부장제를 강화하고 여성 해체에 보다 효율적임,0
2020-03-19,1 ,"RT) 만약 탈코 4B하는 여자들이 다른 여자들보고 역겨운 인간들이라고 했으면 왜 여자 패냐면서 욕 존나 처먹고 가루가 되도록 까였을 텐데, 트젠(앨라이) 면죄부 참 대단하네...",2
2020-04-07,1 ,"???트젠 뭐야 생리안하는데 생리대 함??
왜!???!! 왜 사서 고생함??????
복에 겨워 자빠졌네....뭔데 나 같음 그딴거
더럽게 비싸고 발암물질 들어있는거 안하고 만다",0
2020-05-28,1 ,"여장변태짓해서 이미지 더럽힌것도 그남
트젠이라고 때려죽이는 애비도 그남
성전환 수술한 여성 강간하는것도 그남인데 왜 여성에게 감내놔라 배내놔라하는건지...",5
2020-05-29,1 ,내가 트젠을 싫어하는 건 아니지만 트젠이 자기를 그 성별로 정의하는 이유가 사회적인 여성상에 자신을 끼워 맞히는 것을 좋아하기 때문이라면 좀 많이 역겨워하는 편,1
2020-05-31,1 ,"나라가 여자 취급하는 꼴이 더러우니까, 여자로서 보존심 상하니까 결혼하지 말자 근데 그러려면 나이 먹고도 잘 살아야 하니까 운동하고 무분별한 소비 지양하고 재테크하고 스펙 쌓아서 정상 가자, 여자를 더 취약하게 만드는 페이강간 지지 안하고 여자의 일상의 안전을 위협하는 트젠 옹호 안한다",9
2020-06-07,1 ,"조앤롤링:성별은 실제해!!
트젠:이 개년 창년 더러운 컨트!!!널 죽여버릴거야!!!!!!",964
2020-06-07,1 ,소수자성을 방패로 혐오하지말라며 ㅋㅋㅋㅋ 여성이 더 소수자라고 주장하지 않을테니까 트젠진영도 트젠이라는 소수자성 가지고 여혐하지말라니까? ㅋㅋㅋㅋㅋ 근데 절대 그렇지못함 왜냐? 트젠 절대다수가 가부장제아래 여성성을 그대로 답습하고있거든 ㅋㅋㅋ,0
2020-06-11,1 ,트젠만큼 가부장제에 절여진 가정 잘 파탄내는 존재도 없을텐데 무슨소리지,2
2020-07-28,1 ,여자화장실도 뺏겨 트젠한테 맞아죽어 ㅋㅋ 누가 약자일까요? 트젠이 여성힌테 맞아죽고 트랜스젠더 죽일년들!!! 하며 유료보지 찢어버리고싶네 ㅋㅋ 이런 위협적인 발언 하는 거 본사람? https://t.co/wcVVjQq0CV,0
2020-10-22,1 ,이래서 가부장제지지자들은 트젠을 좋아할수밖에 없음 잘되면 여성성의 해체고 못되면 이래서 여성은 차별받을수 밖에 없다는 근거가 됨 그저 차이가 있다고 말했을 뿐인데도,0
2020-10-26,1 ,"여아낙태, 임금차별, 성적대상화, 여성혐오는 생물학적 성별에 근간하여 이루어지는 것이지 의료적 시술이나 개인의 ‘느낌’에 기반하지 않는다. 아동이 자기 몸에 해로운 일을 할 때만 아동의 인지 능력과 선택권을 존중하는 가부장제 사회도 믿지 않는다. 패싱여성인 ‘트젠 여성’이란 없다.",3
2020-11-14,1 ,지들이 안맞는다 싶으면 블락빵 먹이고 똑똑한척 하는거 보기 역겹네...트젠 시녀짓 하고 성노동론을 주장하는건 페미니즘과 동일한게 아닙니다!,0
2020-12-02,1 ,"까놓고 FtM은 여성혐오 현실에 인지부조화와서 여자이길 포기하고 스스로 남자라고 세뇌해서 트젠길을 걸은거고 (여권이 올라가면 해결될 문제인데 페미니즘을 택하는 대신 성별을 바꾸는, 현실을 부정하고 문제를 회피하는 길로 빠져 트젠이 됨)
+가부장제에 승차해 여혐에 가세함. ""난이제남자니까~""",1
2021-02-09,1 ,리) 핵심을 정확히 짚은 트윗. 하지만 트젠꿘 여자들은 지 팔자 석자인 것도 모르고 트젠 부둥부둥해주고 팽당함,0
2021-02-13,1 ,"@__missionary 트젠을 했으면 왜 탈코를 하냐 그냥 업업 안한 남자지. 성별에 상관없이 화장하고, 화장하지 않고 이런 사회를 만드려고 여성들이 사회적 여성성을 부수기 위해 탈코르셋을 하는 거다. 더 이상 가부장제의 인형이 되지 않기 위해서. 트젠이 탈코하면 그냥 그건 업업하기 피곤해서야",2
2021-02-13,1 ,"@__missionary ㅇㅇ 잘 아네. 트젠은 여남의 이분법적인 성 역할을 더 강화하고 가부장제를 유지하게 만드니까 더 문제임. 심지어 판 내에서 레즈비언 교정강간, 레즈플 하자고 협박한 트젠남 문제도 그냥 덮어버렸다며. 무지개판 있던 내 지인들이 말해줘서 알았는데 어떻게 생각함?",2
2021-03-03,1 ,"페미가 역겹네, 어쩌네 지랄들을 하는데 ㅋㅋㅋ 변희수 하사가 여군으로 이동하겠다고 했을 때 페북에서 지랄하던 것들 중에 페미는 없었는데?? 하여간 트젠 인권 지랄하는 새끼들은 지들 싫어하는 게 터프 밖에 없는 줄 알아 병신들 ㅋ https://t.co/yk378bw8CI",5
2021-03-03,1 ,아직도 mtf 트젠들 시스젠더 여성을 이상한 멸칭으로 부르네..전에 트젠 커뮤에서 완전.. 역겨운 멸칭으로 xy여성 지칭해서 난리났었는데,2
2021-03-04,1 ,트랜스젠더는 사실 가부장제를 공고히 하는거 아닐까? 하면 트젠 혐오자 돼고 여자들의 발에 있는거 사실 족쇄 아닐까? 하면 여성혐오자 되는거ㅋㅋㅋㅋㅋ,4
2021-03-08,1 ,"#여성의날
아니 존나 신기한데 왜 트젠남 쥭은 건 실트 오르고 트젠꿘들이 여성주의자들 성매매 철폐 시위에 와서 깽판치고 살해위협하고 언어폭력에 협박에 온갖 기타등등 의 위협한거는 실트도 못 오르고 알티도 2천도 안됨 ㅋㅋㅋ 정신 차려라 여자들아 트젠 챙겨봤자 '여자'라는 이름도 뺏긴다",1
2021-03-15,1 ,@Hirsch_Snow 요거는 트젠꿘이 여성권익을 갉아먹는 쪽으로만 판이 형성돼서 그런 거에요... 모든 트젠을 위하는 척 하지만 사실은 전부 여성이 피해입는 쪽으로만 가고 있어서 그것도 포함해서 문제제기하는 사람이 많습니다.,5
2021-03-21,1 ,"트젠, 젠더판이 위험한 이유가 뭐냐면 가부장제의 뉴버전이라 가부장제인척 하지 않고 오히려 페미니즘적 인 것처럼 포장하기 때문임.",0
2021-03-23,1 ,"트젠,젠더론은 그냥 피씨한 가부장제라고요",1
2021-03-24,1 ,"트젠이 절대로 여성이 될수 없는 이유가 여기있음..
수천년의 여혐역사와 가부장제의 숨쉬듯한 혐오를 경험해본적없는 ""남성""은 여성의 입장을 이해할수도, 그 편에 설수도 없다.
그리고 그 혐오와 공격들이 자신(남성)에게 향하지 않고있으니 연대하지 않을수 있는거야. https://t.co/elbGuySNnh",37
2021-04-07,1 ,아니 진심으로 트젠꿘들 여혐하는거 이렇게 티내도 됨? 김진아후보 분명 트젠이랑 관련 1도 없었는대 순식간에 트젠 혐오자됨ㅋㅋㅋㅋㅋ웃긴건 트젠들은 성고정관념 고착화하고 여성일자리 뺏고 여성공간에 들어와서 여성들 위협함,1
2021-05-28,1 ,아니 계정 일시정지 되었었네 젠더쟁이들 비판 좀 했다고 신고 박은거???ㅋㅋㅋ 맹목적인 예수쟁이들과 다를 바 없다. 사회적 여성성은 여성차별이자 여성혐오란다. 가부장제 사회에서 사람(남성)과 구별하기 위해 만들고 여성에게 교육시킨거라고. 그런 사상에 기반을 둔 트젠은 여성혐오 그자체다.,2
2021-06-23,1 ,"근데 애초에 젠더론? 이랑 페미니즘은 성립될 수 없다고 보는데
페미니즘의 목적이 약간 가부장제, 여성성 타파 아님? 근데 여성성을 숭배하는 트젠이랑은 애초에 결이 다른거지.. 
그냥 트젠 여기 안껴들었음 좋겠는데",6
2021-07-04,1 ,랟팸더러 크레딧을 바라는거냐 익명성을 지켜달란거냐 비웃을땐 언제고? 그럼 무성애/트젠 정체성선언하면 검증을 하란거야 말란거야 누가 무성애자/트젠이라면 그런줄 알랄때는 언제고 그게 거짓말인지 아닌지는 어떻게 암?  자기 트젠이라면 트젠이었다가 미안 사실 아니었어 그럼 시젠 되는거?,0
2021-08-23,1 ,"야 이거봐 소추들은 페미//트젠 대립각에서 무조건 트젠편든다니까?
6도덕적으로9 여자팰수있게 해주고 가부장제에 이득되는게 트젠이라고ㅋㅋ
헷갈릴땐 고개를 들어 한남이 편드는쪽을 보라~~ https://t.co/u8c6ce63iW",15
2021-11-08,1 ,"글 존나 치사하게쓰네 ㅋㅋㅋㅋㅋ 노키즈존에 비비면서 여자화장실 침범하는 남트젠 정당화시켜버리기
트젠이 키즈랑 같냐? 우욱 https://t.co/Wv170KPxn2",91
2021-11-08,1 ,트젠바에서 성매매하면 트젠끼리 없애던가~ 왜 성매매 아웃 외치는 사람더러 트젠 챙겨달래? ㅋ https://t.co/xl72EEq9q1 https://t.co/KMh6e8U0Zp,5
2021-11-30,1 ,"여기서 '트젠 싫다'라는 게 감정적으로 싫다는 게 아니라 현 사회 여성의 위치와 안전성을 고려하고 사회적 여성성 탈피를 실천하고 있는, 여성주의와 젠더론의 충돌 때문에 경계하고 반대하는 건데 젠더론자들은 우리가 자르셋남 역겨워서 감정적으로 트젠 거부하는 줄 앎. https://t.co/E1QQhwcZNr",22
2021-12-14,1 ,남자들이 여자 착취하는 건 사실이지만 트젠이 여자 착취하는 건 아니라고? 코튼실링은 뭔데요? 여자화장실 포함 여자 공간 내놔라고 고추 덜렁이는 트젠은 뭔데요? 애초부터 정신적 성별이  가부장제 하의 성 편견과 완전히 분리될 수 있음? https://t.co/eCzNU2IDXp,16
2021-12-25,1 ,@skimcasual 누가 보면 트젠/게이가 여성 보다 약자인 줄 알겠네ㅋ영미에서도 트젠남이 여성을 성폭행해도 너같은 자들이 편들고 고나리하는 바람에 에 문제 자체를 제기하는 게 혐오로 몰릴까봐 쉬쉬하는 분위기인데 유구한 여혐문화 가부장제 뇌절한 한국사람한테 혐오라고 해봐야 지 머가리꽃밭 자랑이지🤦‍♀️,5
2017-08-07,2 ,"트젠은 허구의 여성성으로 자신이 여자라고 착각하는 정신병을 앓고 있으며, 이들의 정체성을 인정하는 건 가부장제의 여성성을 인정,답습하는 것과 같고 페미니즘과 절대 함께 갈 수 없다. https://t.co/cs6GHL8uI2",9
2017-08-26,2 ,"내 생각엔 스까도 다른 방식의 흉자인 듯하다. 솔직히 오조오억 한냄충 빨아주는 거랑 똥꼬충,트젠 빨아주는 거랑 뭐가다르냐 흐팔ㅠ",0
2017-08-27,2 ,@Queenfemi77 @quququo0371 ....? 저새끼 몹니까 거울 안보고 산답니까? ㅠ 딱봐도 트젠 똥꼬충 아니면 게이똥꼬충 아닙니까 이기 ㅠㅠㅠ 이쁜한남 = 주은이 아닙니까이기이기 ㅠㅠㅠ노무노무 빡칩니다,2
2017-08-30,2 ,"ㄲㅋㅋㅋㅋ 야 페미니즘이 말고 뭐챙기냐 ㄲㅋㅋㅋ
트젠 게이 씨디 똥꼬충들은 똥꼬니즘 만들어서 지들끼리 연대하고 기차놀이 하라그래 여자만 챙겨도 바쁜데 걔네를 왜 챙기니? 혹시 똥꼬충이니?",3
2017-09-02,2 ,"@0137sxtbarshark 트젠 똥꼬충 씨디 똥꼬충 게이 똥꼬충들이 여성 보지를 앞구멍으로 진짜 여성기를 지우고 지들 후장을 보지라고 칭하는거랑 걔네가 하는 여혐은 어쩔건데
여자들이 깨부수려는 성이분법을 오히려 걔네는 자신의 6젠더9의 근거로 삼는데 정말 젠더가 올바르다고?",2
2017-09-06,2 ,"? 화장실에 피묻은 생리대는 열어 놓은게 아니라 한남민국 생리대 접착력이 한남좆같이 구려서 펼쳐지는거구요...
님 생리대 펼쳐져 있는거 어떻게 알아? ㅠ 혹시 당신 몰카 씨디 트젠 똥꼬충...? https://t.co/XsHlRpYGq4",1
2017-09-06,2 ,@catJipsaPark 혹시 여자 화장실 들어가는 씨디 똥꼬충 트젠인 쀼젤? 아님 몰카충이노?,1
2017-09-09,2 ,혐오에 혐오로 대응하지마세요 이런 트윗 쓸 시간에 한남이나 더 패겠다. 여성인권 머리채 좀 그만 잡아 웩들아#WEGQ 인공자궁 달았다고 여성 아니야. 트젠 수술 받아도 MTF아니야. MTT지^^*,5
2017-09-29,2 ,"내가 mtf, 트젠, 똥꼬충을 싫어하는 이유

https://t.co/5rQnKzc0Of",0
2017-10-28,2 ,그거 다 가부장제에서 같은 남성에게 받은 폭력을 아래계급인 여성에게 다시 치환하는 수직폭력이다. 비겁하고 졸렬함. 그리고 저런 애들이 논바이러니니 뭐니 개소리 지껄이고 “아 나는 여자였어! 내 정체성은 여자다” 라면서 트젠으로 넘어갈 가능성 높음.,19
2017-11-06,2 ,@kier_game 2017년에도 동거 이야기 하면서 그래도 동거가 트젠보단 낫죠 둘 다 우웩이지만 ㅎㅎ 같은 게 37/0 쳐먹는 사이트에 뭘 기대해요...,1
2017-11-13,2 ,트젠 여성이 굵은 목소리 내면 놀라는거 진짜 역겹다.,2
2017-11-13,2 ,야 내가 생리컵 한사발 했는데 더럽긴 무슨 깨끗하기만 하더만 ㅎ 생리컵 피는 냄새도 안나 좆대갈 새끼들아. 트젠? 트젠은 모르죠? 남트젠 너네는 생리혈도 안찍어먹어봤지? 에배배베베베베 부럽지? ㅋㅋㅋㅋㅋㅋㅋㅋㅋㅋㅋㅋ,0
2017-11-15,2 ,"트젠도 가부장제에 의한 피해자란 건 알겠는데 코르셋 주워입고 여혐하고 비수술트젠이 레즈 강간하고 그러면 자꾸자꾸 패야지,, 그거 패는 거 가지고 터프라 하면 제 안의 남혐이 울어요 좆팔",1
2017-12-19,2 ,저는 트젠보다 똥꼬충이더싫은사람,3
2018-01-07,2 ,@FuyuTsubaki_131 지금 근데 첫단추부터 잘못 꿰졌어요....가부장제의 산물이 트젠이라는 걸 모르는 거 같아요.......ㅛㅛ,1
2018-02-27,2 ,@9m12d 트젠 더럽다 했는데쿸쿸쿸,0
2018-05-03,2 ,"똥꼬충은 걍 에이즈 한남임
여자들 제발 트젠, 게이 버리고
여자만 신경썼으면 좋겠음
걔네는 어차피 뭐가됐든 기본 냄져라서
여자편 절대 안들어주는데
그저..우리끼리 싸우니까 진도가 안나가지
나는 여자라서 무조건 여자편인데
너무 답답하다 진짜",1
2018-05-23,2 ,@lepetitpeu 진짜 너무 더럽고 어이가 없다. 여자들은 그 비싼 화장품 깨부수고 길러온 머리 잘라내는데 얼마나 수많은 고민을 하고 후폭풍을 감내하는지 알기나 하나? 대체 이 무슨 행패이고 민폐인지 모르겠다. 트젠? 씨디? 다 필요없다. 넌 자지달린 한남이고 니가 아무리 페미니스트라고 우겨보고 아니라고 해,1
2018-06-08,2 ,"난 진짜 씨디남이나 트젠남이나 어떻게 하나같이 획일화된 여성의 모습으로 소비되고 싶어하는지 모르겠음
그냥 평범하게 내츄럴하게 무난하게 스타일링하는 트젠 진짜 소수봄 
코르셋으로 덕지덕지된 자신을 음란하고 섹시한 여자처럼 소비해달라는 사진들은 가히 역겹다",0
2018-06-20,2 ,트젠 존재에 대해서 회의적이다 페미니즘이 타파하려는 가부장이 정한 '여성성' 끌고 와서 정신적 여성 주장하며 난 여자야 하면 트젠의 존재는 여성운동하는 페미니즘에 뭐가 되는가 그냥 화장하고 치마원피스하이힐 좋아하는 남자인데,0
2018-08-21,2 ,"문빠가 팔로했길래 빛의 속도로 차단했다
한남❌ 트젠❌ 드랙❌ 문빠❌ 좆돌팬❌ 쓰까❌ 웩큐❌
팔로 안 받음 아 안 사요 안 사",0
2018-09-28,2 ,오뉴블 시즌1도 다 못 보고 하차한 거 트젠 쉴드 에피 때문 억쾨 여자랑 mtf를 같이 우웩웩 웩웨엑,0
2018-11-12,2 ,트젠... ㅋㅋ구웩 구에에엑,0
2018-11-27,2 ,"12-1 아무튼 한남새끼가 여자인 척하면서 여자들 코르셋 조이는거 볼때마다 역겹다. 니들이 암만 너네가 여자라고 말해도 너네는 한남일 뿐이다. 애초에 여성해방되면 성 바꿀 필요도 없고, 트젠 인권 뭐시깽이도 다 해결된다. 니들이 말하는 6여성성9은 사라질 것이니까.",1
2019-01-28,2 ,페미니즘은 여성주의 운동이 맞구요... 여권 신장을 목표로 하는 운동이 초점을 여성에 안두면 어디에 둔다는 말임; 여성주의란 말은 여성장애인은 지켜도 남성장애인은 페미가 지킬 상대가 아니며 온통 남성 뿐인데다 여혐 오지는 트젠여(웩)권과 게이권은 페미 안중에 있어서 안된다 이 말임,1
2019-01-29,2 ,"느그 트젠꿘들이 반박 못하고 빤쓰런한 트젠의 진실입니다 막달렌 영상 참고함
페미가 타파하고자 하는 여성성을 강조시키는게 니들인데 어떻게 트젠꿘이 페미가 될 수 있죠? 뇌가 쥐꼬리만큼이라도 남아있다면 생각이란 걸 좀 하자! https://t.co/JpPWo7Upw0",0
2019-01-30,2 ,"@daGkki 나는 트젠이 커지고 다양해지면 진짜로 좆될것같거든요?

근데 래디컬이 커지고 다양해지면 기존 가부장제에만 의존하던 남자는 좆될지언정 나는 이니에요 그래서 지지하는거야",1
2019-03-06,2 ,아오 진짜 서치하다 트젠꿘 봣는데 왜 트젠 정체화하는지 잘 모르겟습니다 그렇지만 트젠으로 살아갈껍니다 ㅇㅈㄹ 존나 개에바네,0
2019-03-18,2 ,"https://t.co/rTgEk9CH7d
ㅋㅋㅋㅋ가관이다 ㅋㅋㅋㅋㅋㅋㅋㅋ인공보지 ㅋㅋㅋㅋㅋㅋㅋㅋㅋㅋㅋ아 트젠말고 다른 젠더는 받아주겠다잖아 내가~~ㅋㅋㅋㅋㅋ 뭘 존나 생색처내세요 무식한 사람아 ㅋㅋ알지도 못하고 혐오 전시하는 주제에 나 비판하면 싸불이고 커뮤 하나 닫았다고 저 세상 억울해죽네ㅋ",1
2019-03-19,2 ,@_gyull 트젠이 여성인권에 끼치고 다니는 해악이 어마무시한데 지금 상식적으로 트젠이 말이안된다고 하면 그게 나쁜짓인건가요? 님 논리 진짜 개이상해요. 적어도 mtf는 여자보다 사회적약자가 아니예요. 님 말하는게 더 못됐고 역겨워요. https://t.co/F3UFOUaRlt,1
2019-04-15,2 ,@liiiionsaza 헐 공식 트젠 ;;;;;;;;; 역겨워요,1
2019-06-02,2 ,그 수익금을 가지는게 아니라 퀴어들에게 도움 될만한 걸로 쓴다니까 아 진짜? 괜찮네 하고 퀴퍼해도 월래 그러커니하고 지나가고 동성애는 애초에 찬성이였고 근데 트젠은 아무리 생각해도 역겹고... 여자가 남자가 되는 건 신경도 안 써 그냥 아 그렇구나~ 하는데 남자가 여자되는 건 좀 역겹잖아,3
2019-08-12,2 ,@Pianga_Lascia ㅇㅈ... 남자니까 여자화장실 들어가지 말라고 디엠보내니까 트젠(특 : 수술 안 함)혐오하냐면서 역겹고 더럽다고 욕한새끼........,0
2019-09-15,2 ,리얼돌 코스..검색하다 트젠 시디계정 타고 보고왔는데..할말 하않.. 역겹게들 노시네요.,0
2019-11-05,2 ,아 쉬라에 트젠 성우 있는 거임? 우웩,5
2019-11-19,2 ,@A__B__C___D___E 남자:거기 112죠? 화장실에 트젠이 들어왔어요 역겨워용,0
2019-12-06,2 ,트젠 지지 안합니다ㅎ 코르셋찬 여성상 동경하면서 여권 후퇴시킬 뿐더러 낙태퍼포먼스(;;;)랍시고 올라온 영상 보고 존나 빡침 더 싫어짐 ㅜ사상 안맞으면 블블해주세욥^^ 난 게이들도 동성애자라서 싫은게 아니라 걍 여혐하는 남자라서 싫어,5
2020-01-15,2 ,나 저번에 광퀴갔었는데 진짜 역겨웠던게 그냥 일반 성인 남성처럼 덩치 개 큰 남자가 싸구려 10000원할것같은 장발 가발쓰고 트젠이라고 하면서 다니더라 짧머인 나는야 트렌스한남젠더,3
2020-01-21,2 ,트젠이 왜 문제인지 모르는 건데 아니 나 진짜 더러웠구나ㅋㅋㅋㅋㅋ 나 젠더론도 지지하고 커뮤도 뛰었고 좆돌도 팠음 미치겠네 빨간약이 답이다,2
2020-01-28,2 ,근친머시기 파고 트젠 옹호하면서 트젠이 한 여혐 지적한 작가님한테 지랄하기...(웩),0
2020-01-30,2 ,"꽃자/추자류의 트젠 방송을 보니 트젠의 더러운 사상과 삶의 모습을 알게 되서 극혐이다 -&gt; x
그 분들이 어릴 때부터 하고 싶은 공부를 마음 껏하고 직업 교육도 받아서 유흥업 이외의 분야에서도 열심히 일할 수 있는 사회를 만들자. -&gt; o",20
2020-01-30,2 ,"트젠 존재자체가 가부장제를 기반으로한 여혐인데 뭔ㅋㅋㅋㅅㅂ비판만 하면 죄다 혐오발언이래~~ㅋㅋㅋㅋ
물어보면 죄다 앵무새마냥 똑같은 소리하고 다 똑같이 행동하잖아
막 지들은 어릴때부터 바지보다 치마가 좋고 인형이 좋고 웅앵웅
난 어릴때부터 여자애들과 달리 바지가 좋고 웅앵웅~",5
2020-01-30,2 ,트젠은 상관이없어요 꼬추 자르고 여자행세하는 한남이 역겨울 뿐이지 트젠은 트젠이다 여성이 아니라고,0
2020-01-30,2 ,우웩이다 왜 여대에 트젠이 입학하는 거지 소수자 보호 웅엥웅할꺼면 트젠 대학을 만들던가 여자 자리 빼앗아먹는건 일등이네,0
2020-01-30,2 ,"야야 역겨운 트젠 성소수자라고 하지마라
성소수자 쪽팔린다",0
2020-01-30,2 ,"@101027zz 시발 트젠이 여탕도 들어오고 여대까지 들어와? 난 진짜 기분 개드러워
인공보지 달아봤자 뭐함 시발
그냥 고추 없는 남자지",1
2020-01-30,2 ,트젠 더러워,0
2020-02-02,2 ,@double__ss3 트젠은 여성이 아니기 때문입니다! 성염색체로 남성이라고 합니다. 저는 레즈비언인데 트젠들이 우리들의 공간에 오는게 불쾌하며 역겹습니다!,16
2020-02-02,2 ,가족/사람이라서 분노를 넘어서 역겨움을 느낀다. 미국 여혐도 똑같이 힘들거든요!(?그러면서 그럼 인종차별 안 당할 좆국 돌아가라면 발작함ㅋㅋ) 그리고 트젠/똥꼬충은 우리보다 더 힘들어요!하면서 덤비는 외국사는 멍청이들 자기 일 아니라 이거지. 아니 외국 나오면 좆국이 얼마나 좆 같은지,6
2020-02-02,2 ,어쩐지 쎄하다 했어 ㅋㅋㅋㅋ 여자 따라하려는 트젠 느낌이 넘 강해서 우웩임... 탐라에서만 보다가 영상 직접 보니까 더 웃기고 소름돋아 걔네가 생각하는 &gt;&gt;여자여자함 내지는 여성스러움&lt;&lt;을 완벽하게 담아냄ㅋ ㅋ ㅋ 기분전환하러 미용실가기. 아침에 샐러드먹기. 스킨로션바르기(손에만??) 등등,1
2020-02-03,2 ,"하냐.
그리고 트젠한테 집중하는 언론도 역겹다. 여태 여혐에는 관심도 없더니 남자들에게 이득되는 일에는 득달같이 달려들어서 혐오가 어떻게 소수자가 어떻곸ㅋㅋㅋㅋㅋ 기사 제목에 女표시하고 사진으로 여성사진 올리면 조회수올라간다고 그거 다 넣는 쓰레기들이 어디 혐오를 논해",5
2020-02-03,2 ,트젠 존나싫어 웩웩,0
2020-02-03,2 ,"정신적 생리 검색어 더 흥해라
그리고 트젠 옹호하는 사람들도 힘내라

그래야 생리중에 통증 있어서 울컥한 사람들이 트젠 혐오자로 두드려 맞고 트젠을 좋게 안보지

트젠 옹호론자가 하는 말은 '트젠 혐오다!'와 '너 한남이냐?'가 주를 이루는데, 둘 다 기분 더러워지니 트젠 싫어하게 되기 쉽다",1
2020-02-03,2 ,진짜 트젠이나 냄져나 여자=보지 라는게 너무 투명함 역겨워;,0
2020-02-06,2 ,"자칭 트랜스젠더 여성 진짜 역겹네ㅋㅋ트젠 혐오 범죄도 결국 한남이 하는데 자기들""만"" 죽어 나간다고 광광대는 것도 역겹고 증오대상아 여자인 것도 역겹고",0
2020-02-07,2 ,괴롭힘 당한 사람이래 ㅋㅋㅋㅋ 아 얼탱이 더러운 의도 가지고 숙명여대 입학하려한 여우 트젠이 젤 추악한데요. https://t.co/qJND03RkQh,0
2020-02-09,2 ,"트랜스젠더가
남자가 여성이다. 하는것만 트젠임?
왜케 트젠 관해 여자여자여자여자 그러는지 모르겠다.
여성에게만 이게 요구할 사항이야?
사회에, 남자에게도 요구할 사항이겠지
근데 계속 여자여자여자 보니까 지치고 역겹고 매슥거운거 나만 그런가?
피곤을 넘어서 불편해지기 시작했다",0
2020-02-14,2 ,"트젠+쓰까들이랑 말할 때 제일 괴로운 건 존재하지도 않고, 존재해서도 안 되는 ^사회적 성별^이라는 단어를 계속해서 언급해야 한다는 점이다... 사회적 여성성/ 사회적 남성성을 의미하는 ^젠더^가 있다는 가정하에 말을 나누는 것 자체가 역겨움.",2
2020-02-14,2 ,진짜 세상에서 제일 편안한 보색 민트핑크가 트젠에 의해서 더럽혀지고 있어,0
2020-02-15,2 ,비수술 트젠 가시화되면 좆 단 인간 여탕에 출입시킬것인가 ? 우웩 여탕안가요 못가요,1
2020-02-15,2 ,솔직히 중성화 수술한 트젠도 역겹지만 자칭 비수술 트젠은 더 역겹다. 한남들 성범죄 형량 줄이는 거 돕는 카페가 버젓이 있는 나라에서 비수술 트젠? 돌았냐.,1
2020-02-17,2 ,난 쓰까들이 아직 트젠들이 본격적으로 역겨운 짓을 하기 전인 (이미 여탕 사건만 봐도 충분히 역겹지만) 우리나라가 아닌 이미 트젠 때문에 여성 인권 레즈 인권 철저히 무시당하고 있는 외국의 사례들을 보고도 그게 옳다고 할지 궁금하다 알고도 그러는 건지 모르고 싶어하는 건지,31
2020-02-19,2 ,"남자도 출산이 가능하게 된지가 생각보다 좀 됐더라? 고추 안 떼고도 출산이 가능한데 고추 떼고 여자라 인정해달라면서 출산만은 엄마가 좀ㅎㅎ 이러는 게이, 트젠새끼들 안 역겹나?트젠이 생각하는 여자란 남자랑 성관계가 가능한 기능만 가지면 되는 거지. https://t.co/bxuxoEBVz5",134
2020-02-23,2 ,"@just_somyeon 주장하는 트젠들도 있고 그들을 여자로 봐달라 주장하는것이 레즈들에게는 말도안되는 일이구요~ 게이랑 트젠이랑 씨디랑 밀접하고 연결되어있는 과정을 보면 여자들이, 사회가 역겨워하고 거부할만하지 않을까요 ㅎㅎ
논리적으로 반대하는건 제 메인트윗에있고 실제 현상과 진행을보며 노골적으로",1
2020-02-27,2 ,"트젠이 여성대상 성범죄를 일으켰을때 저사람은 진짜 트젠이 아니라며 '진짜트젠감별'을 하고(진짜여성감별은 안되는데 진짜트젠감별은 가능하다니 놀랍습니다) '트젠여성'에 의해 실존하는 위협을 축소해석하는 시도들, 정말 역겹습니다.",7
2020-03-02,2 ,"신천지랑 비교한건 쫌 오바여서 죄송한데 전 트젠 안 빨아서요;
현 여성들은 여성들에게 계속 강요되었던 코르셋을 벗어나기 위해 그렇게 노력하고 있는데 그 코르셋을 전부 행하고, 코르셋을 강요당하는 여성의 모습을 그대로 하고선 자기가 여자라고 하는게 너무 역겹거든요
글자제한때매 캡본달아놈 https://t.co/zD5I6DVnOM",48
2020-03-05,2 ,ㅋㅋㅋ 진짜 쓰까들은 스스로 생각해 볼 능력이 없나? 트젠 당사자 성매매 포주 당사자들이야 지들 보호하느라 그 난리라 쳐도... ㅋㅋ 걍 생각하고 판단할 능력 같은 거 없고 남자에 대한 동정심밖에 없는 거임? 성매매 옹호해 트젠 옹호해 진짜 역겨움,40
2020-03-05,2 ,"@real_real_ireum 트젠이랑 원나잇하기 vs 똥꼬충이랑 원나잇하기 
포지션노상관",1
2020-03-13,2 ,트젠 역겨운데,0
2020-03-14,2 ,으 이제 트젠 역겨워,2
2020-03-15,2 ,"트젠 놈 주민등록번호 뒷자리 2 ... 고추 달랑이면서 여성전용공간 들어왔는데 주민번호 2라 처벌 못받음. 와... 이거 대학교 휴게실로 이미 실험 다 끝낸거 아닌가. 여자 휴게실 왜 있냐고 노발대발해서 공용되니까 남탕되다 더러워져서 관리안되는 거.
진짜 어이없는 법이네. 누가 저 법 만듦?",0
2020-03-17,2 ,비트젠 존나 토나온다...... 우웩; 수술도 안 했으면서 트젠이라고 하는 건 뭐지? 엥? 애초에 수술트젠이라 쳐도 굳이굳이 가슴 뽕 넣고 누가봐도 코르셋 조이고 다니는 꼴 보면 기가 차서 말이 안 나옴 하물며 비트젠은 더욱 가관이라는 거야 이 답답함은 나 같은 사람만 알듯,0
2020-03-17,2 ,트젠 받아들이느니ㅋㅋㅋ 차라리 평생 트젠들이 역겨워하는 인간으로 사는게 훨 나음,0
2020-03-17,2 ,트젠 토나오게 역겹다,0
2020-03-19,2 ,진짜 역겹다 앤번방이든 트젠이든 존나 역겹다 토나와,0
2020-03-21,2 ,혐오의 차안대를 끼고 남의 말은 안 들어 안 봐 니가 내 말 이해 못한 거야 트젠말고 약자한테나 관심가져라...와 역겹네 이거,0
2020-03-25,2 ,@Proanadraw_51 화장 좋아하는 남성 치마 좋아하는 남성 긴머리에 꾸미는 거 좋아하는 남성 모두 존재 할 수 있다고 생각해요 근데 이것과 별개로 이 모든걸 '여성스러운' 것으로 치부해버리는 트젠 사상이 끔찍해요 애초에 비수술이든 아닌 트젠이 이런 사상을 바탕으로 하고 있는 것 자체가 더러워요,0
2020-03-26,2 ,@Proanadraw_51 와우 정말 끔찍하네요 정말 럼주님 말씀대로 여권 운동의 판을 이렇게 다 뒤집어버리면 앞으로가 정말 캄캄하네요 특히 비수술 트젠이 판 칠텐데 역겨워서 어떡하죠 ;;; 저도 비수술 트젠이랍시고 남자 화장실 들락 거려야 할까봐요;;;,0
2020-03-31,2 ,@mG4S0ETBYzIE8JI 우웩 아닌데 이제 어쩔거냐 페미야 니 와꾸는  트젠보다 못생김 ㅉ,0
2020-04-09,2 ,"@me_no_country 저따구로 입고 공식석상 나오고•° 저런짓 하고있는 거보면 지가 트젠이고 자기가 되고싶었던 성별 조롱하는 거 밖에 안되지 않나요ㅠㅠㅠㅠㅠㅠㅠ 역거워라••
진짜 토나와요 윗웩",1
2020-04-19,2 ,우욱 트젠 우우욱,0
2020-05-02,2 ,아 돌았...ㅡ여고생 운운 트젠 블락하러 들어갔다가 역겨운 만화 봄,0
2020-05-10,2 ,"아니 이상하잖아요ㅋㅋ 남자가 트젠이라고 뭐 여자가 되고 싶다고 해봤자 치마 입고 머리 기르고 오히려 여성 인권 500년은 후퇴시키는디,...ㅋㅋㅋ 사상도 이해가 안 될뿐더러 여혐이구요 쨋든 존중 못 함",2
2020-05-19,2 ,"내가 생각하는 트젠은 이런거임 
화장과 원피스등을 좋아하므로 트젠이 돼야함&gt; 뭐죠 그 논리는? 그냥 취향이잖아요
내 정체성을 다른 성별(여,남)으로 느끼고 동정받고 싶다. 진심됀 마음으로&gt; 이정도는 돼야 트젠이지
이제 양반들이 입는 한복만 봐도 남자가 원피스 입었다 ㅇㅈㄹ 떨거같다 우웩~",2
2020-05-21,2 ,"시헤여성이 트젠에게 ~너는 나랑 같은 처지인데 그렇게 사는구나~ 하는 충격과 배신감이 들었다...
진짜 역겹구... 이 영화가 이 시점에 굳이 왜들여왔는지 잘 알겠음 영화는 영화더라도 해석이 너무 역겹ㅋㅋ 네네 다층적인 해석 중요하죠",22
2020-05-21,2 ,다 된 여성서사에 트젠 뿌리기... ㅜ 웩 아 좀 저리 가라,26
2020-05-26,2 ,@perhapsl8rornot 나는 세상에서 제일 가는 소수자인 트젠이고 까방이야 이 태도 역겹네요.,0
2020-05-26,2 ,"내가 트젠 싫어하는 경우 딱 하나임
여성성, 남성성 강조해서 아 뭐야 왜 저래 같은 경우를 만들어내는 이미지. 그때는 진짜 한숨쉰다
태어나고 보니 남성인데 정신은 여성이다 생각해서 트젠했는데 화장하고 그러면 찐여성은 미쳐
화장은 남성도 가능해 새끼야
역겹다고",0
2020-05-26,2 ,난.. 트젠 너무 싫어.... 더럽고.... 왜 여자가 되고싶은지도 모르겠음... 사회가 여성은 치마를 입고 핑크색으로 좋아한다고 규정해서 트젠들이 그렇게 생각하는거다? 말하는 사람이 있던데... 그게 무슨... 내 친구는 트젠이라고 만났다가 성폭행까지 당할 뻔 했는데... 어떻게 트젠을 좋아하니…,1
2020-05-26,2 ,송우주 쉴드도 역겹고 트젠 쉴드도 역겹고,0
2020-05-27,2 ,여자화장실 이 실트 보자마자 아 또 트젠인가 싶었다. 병신들 여러번 귓구녕에 쳐 말해줘도 못알아먹는다. '트젠들은 여자화장실에 바퀴벌레마냥 기어들어오지마시오' '생물학적 남성이 여성의 공간을 침범했을 때 얼마나 두렵고 역겨운지 이해를 못하겠다면 당신의 정체성은 여자가 아닐 가능성 100%',10
2020-05-27,2 ,역겹다 트젠이든 트젠지지자들이든 다 역겹고 불쾌하다 도대체 반대의 성이 뭐길래 그렇게 바뀌려고 집착하지? 여성과 남성의 차이는 생식기 차이밖에 없다는걸 21세기에 설명해야해? 여자들 언제까지 남자들 감싸고 돌거야 남자들이 그런다고 본인들 지지해줄거같나 돌아오는건 혹시 나도모르게한,3
2020-05-27,2 ,우욱 트젠 개역겨워,0
2020-05-27,2 ,트젠 역겨웡,1
2020-05-28,2 ,난 트젠을 혐오하는걸까? 그럿보다는 환멸이 난 상태에 가까운거 같은데. 시스여성이랑 뭐만 하면 부딪히고 뻔뻔하게 나오는 꼬라지가 역겨워서 환멸나.,0
2020-05-28,2 ,@xnokar 남페미 진짜 씹믿거 ㅋㅋ 남페미들으니까 생각난건데 전 례술한남 너무 너무 싫어요 역겨운게 진짜 수준이 다르게 역겨워요 트젠을 왜 품는지도 모르겠고 여자들 뭐 하나만 잘못해도 죽어라 패는 꼴이 진짜 ㅜㅜ,0
2020-05-29,2 ,"트젠 우웩
왜 트위터 판 트젠은 냄져-&gt;여자로 흘러감? 여자-&gt;남자는 쥐똥에 있는 비타민 만큼임. 싸이언스",6
2020-06-24,2 ,"각성 전에도 냄저놈트젠,cd드랙퀸은 역겨웠지만 내 친구중에 ftm으로 정체화한 친구가 있어서 트젠 매우 지지했음. 근데 아이러니하게 그 친구가 날 렏펨으로 만듦",1
2020-07-04,2 ,여성으로서 트젠의 제일 역겨운 점 하나 고르라하면 저거 고를 수 있음. 물화되고싶은 욕망을 정신적 여성이라 표현한다는 거. 그리고 본인들의 물화되고 싶은 욕망을 곡해해서 여성이 되고 싶은 거라고 얘기하면서 여성 뒤에 숨는다는 거. 그리고 지들때문에 여성이라는 실체까지 없애려하는 거.,182
2020-07-09,2 ,탈코한 트젠.... 이 있..... 나요 ....? 있으면 그분한텐 아무감정 안들듯 근데 여자됐다고 코르셋 꽉조이는 트젠은 꼴보기 싫어요 우리가 피눈물 흘려서 올린 여권 한번에 추락시키는것같음 웩,14
2020-07-15,2 ,"내 뒷계에 트젠 옹호글 안올라와서 너무좋아!!
친했던 트친이 트젠 옹호해서 딋계에 트젠범벅됐을때의 내 기분 얼마나 더럽던지!
걍 블블치고 맘껏 욕하는중!!
행복해~!",1
2020-07-17,2 ,트랜스젠더 실트 들어가서 좀만 내리면 트젠 섹계 있고 역겨우니까 들어가지마세여,6
2020-07-17,2 ,트젠이 호모보다 더러워?그런가봄 잘모르겠지만 근데 혐오는 아닌가봄,0
2020-07-25,2 ,아 저 사람 왠지 좀 찝찝했는 데 트젠 지지하는구나 트젠꿘 다 그렇긴 하지만 굳이 터프만 언급하는 거 진짜 별로다,0
2020-07-28,2 ,@sibal__sibal_al ㅅㅂ 나도 트젠 존나 혐오함 우웩 토나옴,0
2020-07-29,2 ,"트젠들한테 여성은 그냥 도구 그 이상 그 이하도 아니라는걸 쟤네랑 대화하다보면 은연 중에 다 드러나서 역겨움 mtf을 트젠""녀""라고 부르지를 않나 정신적 생리니 개소리하고 보지 찢어버리고 싶다니 뭐니 여성들에게 천연보지 갖고 태어난게 권력이라느니 웅앵웅...ㅋ🙄",1
2020-08-09,2 ,트젠인데 자기 여자라고 하는 사람들 아주 역겨워 제발 트윗터에 그런밀 쓰지마 디스커스팅~~~,1
2020-08-09,2 ,알탕 영화인것부터 씹스러운데 트젠으로 여성성(우욱우욱시발) 욱여넣으려고 애쓴느낌이었음,0
2020-08-14,2 ,"@mynomance 이미 ""한남"" 은 여혐게이(=똥꼬충)와 트젠(=젠신병자)와 논바이너리(=아첨꾼)을 싸그리 포함하는 비시스여혐퀴어 를 뜻하는걸로 굳어짐.

시스남성의 퀴혐은 ""꿘""이 붙는다.",0
2020-08-27,2 ,트젠은 항상 여성의 자리를 빼앗아야만 자신이 인정받았다고 생각하더라? 역겹고 추하다 https://t.co/xz17emzbkE,2
2020-09-09,2 ,여자 좋아하는 여자는 트젠이라고 하는거야말로 혐오자지 더러운 새끼들,1
2020-09-11,2 ,Ts 극혐하고 트젠 혐오합니다 옛날에 뭣모르고 트젠 옹호했던걸 매우 후회함. 걔들은 걍... 여성인원 후퇴시키는 것 밖에 안됨. 지들이 생각하는 사회적 여성성을 몸에 덕지덕지 붙이고 나 여자야~ 내가 그렇게 느끼니까! 이지랄 하는게 역겹다 니들은 여자가 아니라 코르셋 죄이는 xy염색체라는거~,3
2020-09-21,2 ,"치마를 입는다고, 고추를 잘라 뒤집는다고 유전자가Xx로 바뀌지 않는다. 단순사실이 왜 혐오지? 사실.. 난 혐오자가 맞긴하다.. 트젠이 아동/여성 성폭행하고 여성감방들어가서 감방에서 또 여성을 성폭행하고.. 역겹다. https://t.co/M4hvEzzIM9",2
2020-09-23,2 ,@tone_for_two 헐 개미쳤네;; 앞으로 여기서 사는 일은 없을듯 ㅠ 트젠 우웩,2
2020-09-23,2 ,이래도 트젠이 여자보다 약자냐 ㅎㅎ; 역겹,1
2020-09-24,2 ,페미니즘과 퀴어를 동일시하는 언플러들 역겹다. 난 덜렁이들하고 화장실 쓰는 세상 싫다. 정신적 트젠도 트젠이라며?,1
2020-09-24,2 ,남자들 남자짓 하는 것도 대가리에 총 겨누고 싶은데 트젠이 생물학적 여자 자리 뺏는 꼴도 너무 역겨움 생물학적 남자 진짜 유해하다,0
2020-09-26,2 ,@uSTlqFPVb730Qa8 트젠 쉴드친다고 환지통 다지증 기형아를 예랍시고 늘어놓은 걸 보았습니다ㅋㅋㅋㅋ 역겨워서 진짜.,1
2020-10-14,2 ,아 .. 테크노 보살 남자에 트젠 아님? 아 .. 역겹,0
2020-10-15,2 ,긴머 사람이랑 남자랑 섹스하는 일러스트보면 이제 트젠이랑 남자 섹스하는걸로 보임 ㅋㅋㅋㅋㅋ 웩,0
2020-10-19,2 ,자기 보지 너무 예쁘다고 여자들이 자기 보지를 더 사랑했으면 좋겠어요😢라고 하던 트젠이랑 터프가 자기랑 섹스하면서 가짜보지 너무 예쁘고 너무 좋다고 혼란스러워했으면 좋겠다던 트젠 트윗 기억하시는지... 그때 알았다. 이새끼들 머릿속엔 진짜 섹스밖에 없고 포르노랑 권력 구별 못한다는 거.,50
2020-10-24,2 ,"성중립 화장실 언제 만든데요?
여자화장실 뺏는 거 말고 트젠 전용 언제 만들어요?
남자/젠더웅앵으로 성별 이분법적인 사고를 하니ㅠ
자꾸 여자 해체하고 여자 화장실 여성 전용 뺏고 드럽고 치사한 여혐트젠꿘들ㅠ",1
2020-11-17,2 ,"나는 진짜 이꼴 벌어진다 생각하면 역겨워서 도저히 못 받아들이겠던데 트젠 엘라이 레즈비언들 신기함...

*해석: 사진의 사람은 비수술비호르몬 트랜스여성으로 (그냥 법적으로만 여자고 몸은 남성신체 그대로라는 소리) 본인이 레즈비언이라고 주장하며 학교에 '트랜스 레즈비어니즘' 강의하러 다님 https://t.co/8rvGd6Qwmw",100
2020-12-11,2 ,"#재민  #해찬  #정우  #jaemin  #haechan  #jungwoo  #재민버블 #해찬이와시즈니 #정우버블 

얘네 목소리만 유독 구린 게 어릴 때부터 연초 피니까 그렇지 꼴뚜기 한마리랑 트젠 목소리 두명 역겨워 엔시티 음원에 얘네만 빠져도 퀄리티 훨씬 올라감",98
2020-12-15,2 ,트젠 우웩... https://t.co/zm2KhbNTvU,0
2020-12-21,2 ,역겹다 진짜 성범죄 피해 여자들 돕는데 앞장서온 활동가 하나 기회 잡아서 이참에 발언권이고 뭐고 다 뺏어버리려고 똘똘 뭉쳐서 밤낮으로 괴롭히는데 너무 악의적이어서 토할것같음 그리고 그게 대체로 대리모나 트젠 화장실 등 퀴어 남자들에게 뺏긴 파이를 돌려달라고 요구했다는 이유인 점이,0
2020-12-23,2 ,"트젠남들 진자 역겨운데
왁구만 놓고 수컷이다 생각하면 례쁜걸 왜 바득바득 여자라고 쳐 우기는거지?
그냥 잘꾸미는 예쁜 남자로 살아가면 사랑받을텐데
게이남들도 게이남들이 트젠으로 바뀌는거 싫어하고
여자들도 예쁜 남자 좋아하잖아?
아근데 버릇없는 성깔은 좀..
남자가 조신해야지",0
2021-01-28,2 ,여기다가 트젠이랑 똥꼬충 쓰까먹으면 쓰까인거에요~,0
2021-02-09,2 ,이젠 코튼실링도 없는 취급 하고 싶어서 실존하는 사람들 지우고 혐오하네 ㅋㅋ 트젠 지우지마라고 난리치는 놈들 맨날 저렇게 개헛소리하는거 진짜 역겹다. 내로남불 그 자체,1
2021-03-04,2 ,트젠 우웩 트젠 우웩 트젠 우웩,0
2021-03-09,2 ,트젠 옹호하는 사람들 그냥 정말 딱 저런짓 하고 돌아다니는 트젠들만큼 역겨움 당사자고 뭐고 2차 가해하는거 보고 있으면 다 가해자 그 자체임,0
2021-03-13,2 ,아 트젠 역겨워,1
2021-03-13,2 ,@LittlebitBasak 트젠이 가부장제가 부여한 여성성을 적극 수행함으로 여성이 입는 피해와 트젠을 자처한 가해자들로 인해 처벌이 어려울 수 있는 환경이 우려됨. 됐냐? 님 한글 못읽죠. 내가 이유가 없다고 언제 그랬는지? 설명하기 어렵다고 썼는데?,0
2021-03-15,2 ,자궁을 들어낸 여성의 존재를 지우지 않기 위해?? 다른 자궁있는 여잘 자궁소지자라고 부른다니??? 그럼 태어날 때부터 자궁이 없었는데 모르는 여자는 알지도 못한채 ‘혐오’당한거임?? 트젠꿘들 개소리도 하루이틀이지. 자궁이 있든 없든 여자는 여자고 트젠이 자궁을 이식받는다해도 트젠임.,1
2021-03-20,2 ,진심 진절머리남. 총알 한개당 렏팸 목숨 한개라 외치던 새끼들 보다 트젠 혐오했다고 저 퀴어여성은 혐오자라고 낙인찍는 무지개 역겨움,1
2021-04-09,2 ,트젠꿘들 이제 여혐하는거 숨기려고 하지도 않음 지들이 허구한날 터프터프 거리는건 여혐인건 아나? 정작 트젠 실제로 때려죽이는 남자는 별다른 수식어도 없으면서 니들이 여자한테만 맘충거리는 한남들이랑 다를게 뭐냐,0
2021-04-21,2 ,아니 하...ㅋㅋㅋㅋㅋㅋㅋㅋㅋ그놈의 트젠...쉴드 100번치겠다고 여혐하지좀 말라고요 진짜 역겹다고,0
2021-04-29,2 ,트젠은 이중인격이 아닌데 자기 다른 성별의 인격이 한 일이라면서 자기가한 나쁜짓을 합리화하려는거 너무 역겹고 기분 나쁘다,6
2021-05-08,2 ,아니십 트젠... 우욱,1
2021-05-29,2 ,이런게 떠서 식겁했네. . 게이나 트젠이나 그 앨라이들 정말 역겹다. 대체 여기서 무슨 정치성이 느껴지냐 그냥 여혐이지 https://t.co/8fyy28xeS6,1
2021-06-07,2 ,어째서 트젠꿘을 지지하는데 여성운동을 한다할수있지 나 같음 여성 지키려고 트젠 안할거 같은데,2
2021-06-11,2 ,@t0__day @sil0lin 우욱 저런건 잘만 빨아대면서 ㅋㅋ 6트젠9에는 도저히 넘어가실 수 없나봐요; 개역겹네,2
2021-06-14,2 ,차별금지법에 트젠 포함이라니 웩,0
2021-06-25,2 ,"근데 여성주의에선 이미 존재하는 가부장제를 비판함.
여기서 트젠이 가부장제 문화를 습득 안했을것같아? 습득 존나함.
당연히 여성주의 관점에선
트젠 =  여혐 맞는데 왜 여성 연대는 안하냐 이러는게  개빡침.
여성주의 관점에선 욕먹어도싼데
연대까지 원하는게 양심이없음.

양심이 없는게  화나",1
2021-06-26,2 ,"여자 위해서 이것저것 다해도 트젠 하나 지지 안 해주면 혐오자되는 거 역겨움. 지들은 반대로 트젠 하나만 지지하고 여혐 다 해도 지들끼리 트친하고 친목질하고 선생님이고 정신적지주고 그러면서. 여자는 트젠 지지 안 하면 천하의 싸불받아도 될 년, 혐오자 됨",152
2021-07-03,2 ,트위터 트젠 감성 어이없고 역겨움 이해 하고 싶지도 않음 걍 깨어있는 나에 도취되서 착한척 위선 떠는데 현실을 봐라 좀ㅋㅋ,0
2021-07-03,2 ,"트젠이 말하는 여성성 치마 입고 화장하고 여성스럽게 행동하는 그런거 아님? 왜 허구한날 자길 여자라고하는 트젠들은 페미니스트들이 그렇게나 벗어나고싶어하는 그놈의 ""여성성""에 집착함? 역겨워",1
2021-09-06,2 ,가면 갈수록 여성공간에 침입하는 트좆은 많아질 거고 거기에따라 범죄가 일어나지 않는다고 보장도 없는데 트젠꿘분들은 언제쯤 변태남과 트젠의 구분법이라도 알려주실까? 세계 7대 미스테리가 아니라 8대 미스테리가 될듯🥲,5
2021-09-29,2 ,"트랜스젠더ㅋㅋ지겹다진짜 
트젠꿘충들이 말하는 '혐오자들' 이라는 단어 이제 역겨움 
그냥 대놓고 말하세요 
'여자들아 우리 트젠은 왜 안챙겨주냐, 여자들 이기적이다' 
트젠꿘 본인들 논리가 딸리니까 어물쩍 혐오자들 이러는거잖아 욕먹을거 알고있으니까",131
2017-02-20,3 ,"아참. 저거 리트윗은 했지만 전 똥꼬충을 소수자로 볼 생각이 없습니다. 똥꼬충은 한남이고, 한남은 사람으로 안 보거든요.
트젠을 했다 해도, 정말 정신적으로 원해서 '정상적'인 트젠이라면 ""내가 트젠인데""라고 말을 시작할까요?",8
2017-05-29,3 ,에부베베베벱ㅂ 트젠은 퀴어아님 정신의성 젠더는 개뿔 가부장제여성성 사회적성 허구의성 여자패러디 에부베베베베벱 가슴넣고 구멍만들고 시젠지워봤자 니는 여자못된다네 이것도 캡처떠서 부랄돌려봐라 엡ㅂ 베베벱ㅂ베벱벱ㅂ,12
2017-06-07,3 ,"허쉘이,,난 트젠 이야기는 꺼낸적이 없는데,,혹시,,젠신병자니,,,? https://t.co/ZfYDOMf5YF",4
2017-08-29,3 ,@hangochubasasak 꾸에엙ㄱ 왜 굳이 늙어서 똥귀저기 안차면 똥 질질흘릴 한남게이들 트젠 똥꼬충들 편드는 지....,0
2017-09-08,3 ,"게이👉🏼똥꼬충
트젠👉🏼젠신병자
cd👉🏼여장도착증
인터섹슈얼👉🏼간성",1
2017-09-08,3 ,"게이👉🏼똥꼬충
트젠👉🏼젠신병자
cd👉🏼여장도착증
인터섹슈얼👉🏼간성",1
2017-10-28,3 ,"오늘 친구랑 오랜만에 만났는데 예상치못하게 한남충 패고 좆돌유사연애장사 패고 머국빻은연애관 패고 페북여혐 패고 똥꼬충 패고 트젠 패느라 6시간동안 쉴새없이 얘기하고 옆자리에 있었던 분들도 한남충이랑 트젠패서 진짜 메갈세상에 온 기분이엇다,,👍",3
2017-11-14,3 ,"""여성은 태어나는 것이 아니라 만들어지는 것이다."" - 시몬 드 보부아르

이 말을 트젠 형아들이 젠신병 합리화하는 데에 쓰는 것만큼 웃기네 ㅋㅋㅋㅋㅋㅋㅋㅋㅋㅋㅋㅋㅋㅋㅋㅋㅋㅋㅋㅋㅋㅋㅋㅋㅋㅋㅋㅋㅋㅋㅋㅋㅋㅋㅋㅋㅋㅋㅋㅋㅋㅋㅋㅋㅋㅋㅋㅋㅋㅋㅋㅋㅋ자폭하냐?",4
2017-11-16,3 ,여성도 여혐 하는데 왜 트젠은 여혐못하냐고요? 좆팔 그걸 말이라고 하노ㅋㅋㅋ 나는 트젠의 여혐도 여혐이지만 트젠은 그 존재자체가 여혐이고 젠신병이라고 생각합니다!!!!^^,0
2017-12-21,3 ,@Loveyourjagi ㅋㅋㅋㅋㅋㅋㅋ가가라이브에서 보지찾는 자댕이도 아는 걸 왜 모르지? 트젠은 정병임ㅋㅋ여자아님 메롱 형냐들아 난 인공보지 봉으로 안 쑤셔줘도 되지롱~~^^,8
2017-12-28,3 ,얘들 교육방송에 게이 레즈 트젠 실화냐 ㅅㅂ ㅈㄴ 더러워,0
2018-01-27,3 ,배민이 웜에서 먼져 알려져서 논란이 되었다고 해도 피해자는 상관없는 그냥 여성분이 아니노. 쓰까들 웜이 하는일에 입닫고 귀막은게 하루이틀이 아니지만 일반 여성이 당한 일에도 꿈쩍안하는게 좆팔 끔찍하다이기. 여성보단 ^똥꼬충^ ^트젠^ 열심히 빨아주는건 알지만 이름만이라도 페미를 걸었으면,1
2018-02-05,3 ,@P502_j 쟤 겉은 페미인척하면서 정작 여자는 안챙기고 트젠 게이 존나 빨자나요..... 역겨움요 ㅡㅡ,0
2018-02-09,3 ,"🌷 레디컬 페미 배우는중이고 한남충 성희롱하는거            좋아합니다

🌷 쓰까안받고요 트젠 똥꼬충 사절입니다

🌷 키보드 배틀 좋아하니 보력필요하시면 요청 해주세요!

🌷 레즈비언이고 xy염색체 가진 것들 혐오해욮XD

🌷 잘부탁드려요 성릠덜~~!~!~!!",4
2018-04-12,3 ,"난 얼마전까지 트젠과 게이들을 응원했던 쓰까페미였지만
MTF가 여자를 성폭행 했다는 뉴스와 위에 적인 개같은 발언을 듣고 고추 단 트젠들이 존나 역겨워졌습니다ㅎ
게이들도 마찬가지구요ㅎ
성소수자 모임에서도 항상 여자들은 성폭행의 대상이 된다는걸 알았고",2
2018-04-18,3 ,여성학 강의 듣는데 노무 힘들다..여성학인데 게이며 트젠이 왜 나오노 ㅅㅂ 역겨워서 드롭하고 싶다 주제도 기혼여성/가족 중심적이고..어쨋든 여자는 결혼하고 애 낳는다로 귀결됌,0
2018-04-30,3 ,우윅 트젠이고 지랄이고 생물학적 여자 아니면 여자 화장실 가지 말아줄래 존나 역겹,0
2018-05-02,3 ,@mei_a_mei_a 다 이해한다 쳐도 페미 타이틀 단 사람이 트젠 권리 옹호하진 말았음 해요 젠신병자들 자기 쉴드 쳐주는 트페미들 뒷담까는 거 알긴 하는지...,2
2018-05-21,3 ,"여자들은 유튜버 양예원의 성범죄 피해사실에 같이 분노하고 사건을 자극적으로 언급하는것까지 비판하는데, 트젠들은 피해자의 몸 사진을 올리며 품평하고 미용 광고에 이용하고 있다. 이래놓고 생물학적 여자들이 트젠을 배제한다고 운운해? 양심없는 MTT 젠신병자들아 니넨 정신조차 여자가 아니다. https://t.co/LWojsljS6E",212
2018-06-12,3 ,여혐하는 게이랑 트젠 뭐하러 내가 오구오구해줘야함? 존나 우웩임 난 지금 여성 인권 챙기기도 급급하다 ㅗ좆까ㅗ,1
2018-06-20,3 ,미친 트젠끼리 사귀면서 레즈라고 한다고???? 웩 더러워 진짜.... 트젠은 여자 아니에요~~~~ 사람이 강아지가 하는거 좋아한다고 강아지 되는 줄 아나보네ㅋㅋㅋㅋ 나도 트렌스강아지다 트젠은 걍 중성화한거 아님???ㅇㅅㅇ,1
2018-07-18,3 ,@potatojonmat 이런 애들이 트젠이라는 이유로 페미에 부비는게 역겹습니다~! 뒤지세욧!,1
2018-07-18,3 ,트젠'과 '남자였던'에 미쳐서 여성문제는 존나 무시함ㅋㅋㅋ 그래~ 니넨 예나 지금이나 걍 오 씨발 보지섹스~ 야동에 나오는 여자처럼 박히는 섹스~ 에 미친 애들인데 뭐 여자가 여자로 보이겠냐~ 똥꼬충들과 다를게 없는 트젠들 존많ㅋㅋ,2
2018-08-01,3 ,"4b탄 렏펨년임 성림맞괄 100%갑니다

트젠은 정신병
업업은 자기만족x 사회가 씌운 여성상o
Mtt는 이상성도착 병신남
Ftt는 가부장제 사회에서 빼앗긴 권력을 투쟁을 통한 쟁취가 아니라 트젠을 통해 얻으려 실수한 자매
탈브라 탈코함
업업 연애 결혼 출산 안하는 4비탄",0
2018-08-01,3 ,솔직히 요즘은 트젠도 역겹다 특히 남&gt;여로 트젠한 돈고충이 제일 역겨움 씨발,0
2018-08-28,3 ,정신병자는 트젠이랑 똥꼬충임,0
2018-09-11,3 ,아 뭐노 첫 인터뷰부터 트젠;(우웩,1
2018-10-24,3 ,트젠에 MTF고 머고 왤케 이름이 많노 젠더놀이마냥. 굳이 분류별로 나눠서 취급할 필요 있노?ㅋ 치피 젠신병자아니노 ㅋㅋ,6
2019-01-07,3 ,본인이 트젠인거 당당해하고 자랑스러워하는 거 한심하고 역겹다,0
2019-01-22,3 ,@hny0308820 ㅋㄱㄱㄱ아 조팔ㅋㅋ ㅋㄱ ㄱㄱㄱㄱㄱㄱㄱㄱㄱㄱㄱㄱㄱㄱㄱ ㄱㄱㄱㄱㄱㄱㄱㄱㄱㄱㄱㄱㄱㄱㅋㄱ트젠ㅋㄱㄱㄱㄱㄱㄱㄱㅋ 개 터졌네ㅋㄱㄱㄱㄱㄱ ㄱㄱㄱㄱㄱㄱㅋㄹㅇ자꾸 자지가 보지드립할때마다 트젠 생각나 개 역겨워ㅋㅋㄱㄱㄱㄱㅋㄱㄱㄱㄱㄱㅋㄱㄱㄱㅋㅋ,0
2019-01-29,3 ,트젠꿘들 특 : 동성애랑 트젠 자꾸 같이 붙이려 한다 트랜스포빅이랑 호모포빅이 뭐가 다르녜 ㅋ 둘을 왜 섞어 좆팔 논리가 없으면 입이라도 닥치던가,0
2019-02-26,3 ,@WoolGom 트랜스여성 트랜스남성은 있는데 트랜스마요네즈라고 없을 건 뭐노 이걸 지금 비꼰다고 앉았노?ㅋㅋㄹㅌㄹㅋㅋㅋㅋㅋㅋㅋㅋㅋ 트젠 비꼬는 거 못알아듣고 한 번 더 비꽈버리는 거 대가리 멍청한 한남들 종특이다 이기야 여자면 더 상대하겠는데 한남 똥꼬충이라서 여기서 먹금한다 즐섹에이즈^_^,1
2019-03-26,3 ,"트젠 인정(우웩)
개쌉소리 하고 있네
체블은 지금 노트북까지 갈 기력이 없으니까 내일 하든가 해야지",1
2019-04-02,3 ,걍 요즘 피씨한거 유행하니까 인정받으려고 바퀴벌레처럼 우글우글 기어나오는게 더럽다. 여혐종자 트젠&amp;드랙,0
2019-04-02,3 ,한남=트젠 입니다. 트랜스여성&lt; 이지랄하며 부비지마세요. 개역겹고 토나와요,1
2019-04-04,3 ,중립피씨충인척하면서트젠옹호하지마세요 난 페민데 트젠 지지! 이러지 마시라구요~ 진짜.....  역겨움,0
2019-05-08,3 ,"Rt)지금 서양에서 남자들이 트젠이라고 하면 여자탈의실, 화장실에도 들여보내주고 사회적 약자 여자들 파이에 내가 더 약자라고 우기고 뺏을 수 있구나 하면서 인셀들말고도 젠신병자 자처하면서 여자랑 헤테로로 연애하고 있던 놈들이랑 이미 결혼한 놈들도 자기 6여자9라고 레즈비언, 파트너 단어",50
2019-06-02,3 ,"아니
젠더설지지 너무 싫어
트젠은 더 싫어 개싫다고
제발 퀴퍼 내 탐랑0 들이지마
제발제발 내 탐라에 트젠지지하는 사람 없었으면 좋겠다고 진짜 역겹다...",1
2019-07-25,3 ,알티 저 사람 트젠 성매매업소 포주잖아 ㅅㅂㅋ ㅋ ㅋ ㅋ ㅋ ㅋㅋㅋㅋ ㅋ ㅋ ㅋㅋㅋㅋ ㅋ ㅋ ㅋ ㅋ ㅋ ㅋㅋㅋㅋㅋ개더러워,0
2019-08-21,3 ,"이 사람 트젠 아닌거 같은데 편은 ㅈ나게 드네. 역시 노란리본ㅋㅋㅋㅋ

트젠은 애초에 사회적여성성을 따라하려고 코르셋을 차는거고 페미는 그 사회적 남성성, 사회적 여성성 자체를 깨부수려고 코르셋을 벗은거에요.

트젠신병자처럼 여성성=코르셋으로 생각하는게 아니라. https://t.co/TWsVMYjtW6",3
2019-09-19,3 ,트젠 유튜버들 성매매 하는거 존나 역겹네 역시 xy는 어디 안가나봄,0
2019-11-02,3 ,트젠 빨갱이 되어봐라 스몰토크 맞춰주다가 역겨워서 상대 면상에 토나 안 하면 다행,0
2019-11-18,3 ,준다고 했는데 여자탈의실에 들어가야된다고 박박 우겨서 굳이 여자탈의실 개방시켜버렸단다. 6트젠9이라고 하는 젠신병자들이 원하는게 뭔지 참 투명하다고 멘션에서도 그런다. 남자들이 원하는 건 자기들 공간이 아님. 여성의 공간 침입과 위협으로 자기들이 가지고 있는 자지권력 확인하는 거지.,19
2019-11-28,3 ,트젠이 어딜 감히 렞으사이에 끼려고 해 역겹게,0
2019-12-01,3 ,그리고 트젠도 싫어함 블락하기 완벽한 사람인거같죠 걍 블락하세요 트젠도 이해 못해주겠음 ^^ 평생 남자 특권 누리다가 자기 정체성 여자라고 자지떼고 여자로 살아가요 하는거 역겹구용 알아서 판단하고 블락하세요 https://t.co/2JiKfjQ10w,0
2019-12-08,3 ,미셀 오바마는 트젠 오바마 게이 똥꼬충 새끼! 너넨 이런 전 세계한테 사기친 악마같은 사기꾼 오바마를 올려칠 부류다 개역겹네~~~! 미셀 오바마는 트젠 쓰레기다 트젠이라는 쓰레기! —  https://t.co/spNo0d6Oqa,2
2019-12-21,3 ,트젠 주제에 생물학적 여자 취급받고 싶어서 안달난 새끼들 너무 더러움... 보지는 섹스하기 위해 존재한다는 미친 새끼들..,0
2019-12-21,3 ,더러워 시발... 트젠을 어떻게 여성으로 존중해 줘 쪽수로나 소수자지 지들이 누리고 있는 권력만 봐도 차졀받는 입장이 아닌데,0
2020-01-14,3 ,"트젠 싫고 무서움 기괴함 역겨움 무서운 이유는 그렇게 하고 다녀서? 드렉도 마찬가지고 돈고충들도 싫은게 뒷보지 언니 썅년 거리고 여자 질투 하는게 어이없고 싫음.. 가자, 클라라 https://t.co/dtQSAPSTgy",0
2020-01-15,3 ,해주고 여자들 죽이고 여자들 때리고 코르셋=여자라는 거 존나 자연스럽게 나불대서 역겨움 트젠 존나 이기적임 니들이 코르셋 좋아하는 남자지 여자니? ***,1
2020-01-21,3 ,"안 그래도 요즘 여초들 보면 1년전까지만 해도 트젠 지지하던 여자들이 트젠 성폭력, 트젠유튜버 대다수 성매매과거, 사고방식 ㅈ같은 거 알고(여자되서 남자한테 사랑받고 싶은 우웩마인드)돌아서서 트젠 존나 까던데 그렇게 멍청하게 여자나 까고 있을 시간 있나 모르겠네? ㅋㅋㅋㅋㅋ",2
2020-01-21,3 ,트젠은 젠신병이다 https://t.co/1xNfRjcQHb,1
2020-01-21,3 ,트젠 진짜 본나 역겹다,1
2020-01-23,3 ,"아니 트젠이고 뭐고 ㅅㅂ 여군이 쉬운줄아나 개빡치게 하네
그 말하는 베이스는 여자를 더 아래로 보는거잖아
진짜 껍데기만 여자아님? 우웩 근데 트젠은 생리 안하잖아 
나 생리한다고 컨디션 개 망해서 훈련 ㅈㄴ 힘들었는데? 그리고 스트레스받는다고 하혈하는것도 아니잖아",2
2020-01-24,3 ,난 동성애 바이 이해됨. 응원함(여자한정) 근데 트젠은 여혐이랑 결부되어 있고 가부장제 폐해라 싫음. 그래도 여자-&gt; 남자로 체인지는 이해됨. 2등시민에서 1등시민 되고 싶은거 이해 가능. 근데 남자-&gt; 여자 체인지는 자적자 당한 정신병자 여혐남일 확률 100%,20
2020-01-26,3 ,진짜 소름돋고 역겹다 보지미인 트젠이라니 말이라고 어디서 배워처먹었나 아주 입에 걸레를 싸물어가지고,0
2020-01-30,3 ,트젠이 여대를 간 이유는 여성으로서의 무언갈 보여주기 위함이 아닌 트젠으로서의 가능성을 보여주기 위해 굳이 여대 간 거 맞는데 ㅋㅋ 개좆같음 여대가 무슨 의미로 개설된 건지도 모르고 그저 자신만을 위해 도구로 이용한 거네 우욱...,3
2020-01-30,3 ,우욱 트젠 개극혐,0
2020-01-30,3 ,숙명여대에 트젠이 합격했단다 트젠이 무슨 여자냐 니들이 말하는 여자의 기준이 뭐냐 성기만 여자처럼 만들면 여자니? 역겹고 염색체 여성으로서 여자가 그렇게 정의될 수 있다는게 굉장히 기분이 더럽다,36
2020-01-30,3 ,,3
2020-01-30,3 ,트젠이 여대에 입학이 가능하다면 그냥 난 트젠혐오할래... 고추달고 태어난새끼가 난 여성스러워 ㅎㅎ 거리다가 진짜로 여자로 대해준사람 몇없을꺼면서 여자인척 여대입학 역겹네... 여대말고 다른학교 많은데 트젠하고 굳이 여대를 선택한 이유가 뭐지;;,0
2020-01-30,3 ,아... 트젠 존나 역겹다•••••• 생각 자체가 역겨움,0
2020-01-30,3 ,@in_the_sky_moon 하ㅜ진차 트젠 제일 싫어요;;;;;;;;;; 아 상상만 해도 진짜 치가 떨ㅇ리고 더렂고 역겹고,1
2020-01-30,3 ,도랐다 진짜 ㅋ 뭔 트젠을 숙대에 합격시켜; 악착같이 여자 파이 차지하려고 발악하는 꼬라지 보면 토나온다 이제 다른 여대들도 눈치 보면서 트젠 합격시키는 사례가 나오겠군 전례가 숙대니 ㅋ 좆팔 역겹다,0
2020-01-31,3 ,"역겹다 역겨워 진심으로 면상에 토해주고 싶다
고추 잘라서 보지 만든게 여자라는 개소리 짖어대는 트젠하나가 수많은 여성들을 짓밟는데 트젠을 감싸면서 감히 ^인권^학술동아리라 할 수 있니. 니네가 말하는 그 인권에 여성은 없지!",0
2020-01-31,3 ,야 시발 트젠은 여성이 아니야 여자라고 우겨봤자 그냥 트젠이라고 자지공예한 한남국자일 뿐임 트젠 뒤에 여성 붙이지마라 역겨우니까,0
2020-02-02,3 ,트젠이 레즈빠를 왜가냐 진짜 아 개싫겠다 개역겨워;; 여잔줄 알았는데 알고보니 남자면 진짜 워후 ㅠ어후;,0
2020-02-02,3 ,트젠이 레즈클럽에 왜가지 ㄹㅇ 젠신병자라는 말이 괜히 잇는게 아니다^__^,0
2020-02-02,3 ,ㅋㅋ뭐가 됐든 트젠 여자 자리 뺏고 끼어드는 거 존나 역겨움,0
2020-02-04,3 ,나는 원래 진짜 트젠에 대해서 별생각이 없었는데 가끔씩 보이는 트젠이라는 것들이 쓴 글들보면 너무 지저분하고 역겨움. 남자로 태어난것들이 지들이 여자랍시고 성전환 수술해서 생리니 임신이니 성생활이니 지껄이는데 진짜 웃기지도않음. 니네 질 대장에서 잘라낸거잖아? 진짜 아니잖아?,5
2020-02-04,3 ,"아 진짜 이런 진짜도 아닌 이상한 짝퉁 트젠들이 지네가 진짜 여자인것마냥 개소리하는게 너무 드럽고 역겨워서 트젠 자체가 혐오스러워짐.
트젠 블로그같은데보면 뭐있는줄아냐? 백합물 레즈물 이딴거있다고. 목소리도 이상한것들이 그딴거본다고 지네가 정신적인 여자라고.",1
2020-02-04,3 ,진짜 트젠 입학하지마라 제발 정신적 생리하는 xy유전자 안받아요 ... 이상한 생식기로 만든 가짜보지달고 우리학교 화장실에서 봉질하고 있을 생각하니 끔찍해;;;; 이제 여장남자를 봐도 저사람이 숙대학생일지 외부인일지 모른다는게 얼마나 공포스러운지...,2
2020-02-05,3 ,ㅋㅋ 이 계정에서 존나 트젠 혐오하다가 데레계 들어가면 트젠사랑충들 ㅈㄴ 많아서 우웩~,0
2020-02-06,3 ,"게이남 트젠 지지하는거 역겹다 반박 내용도 토나옴. 게다가 여자보고 재기래ㅋㅋ
자지에 미쳐 멍청하다 못해 돌아버린듯🤮",0
2020-02-08,3 ,"탈코광광대던련들아
똥꼬충챙기던련들아
트젠혐오하지말라던련들아
익숙하죠잉? ㅋㅋㅋ 공격대상이항상 코르셋/게이/트젠 이아니라여자들이죠 ㅇㅇ",6
2020-02-10,3 ,트젠의 논리가 너무 싫고 역겹긔 그냥 그래서.. 그냥 그렇게 느껴서.... 라고하면....... 대체 어느나라의 누가 인정해주냐,0
2020-02-14,3 ,아.. 트젠 존나 싫다 역겹다 진짜 씹토나와ㄷㄷ,0
2020-02-27,3 ,@e6_zzv09 그러니까요 ㅋㅋㅋㅋㅋ 걔들이 가져오는 근거들로 자승자박만 해도 트젠이 좢밥 가부장제에 찌든 애들인 거 알 수 있는데 논리 안 먹히면 혐오자 웅앵 하면서 도망가잖아요... ㅋㅋㅋㅋ 자기가 믿는 거 말고는 안 들으려 하는 거 사이비 그 자체...,2
2020-03-07,3 ,트젠이 괜차노다고 이태원 클라스에서 어쩌고 하는데 역겨워 남자로 꿀빨고 살다가 여자로 성전환 ..ㅋㅋㅋ 저 트젠에 편견 개많습니다 방탄도 한승우도 그렇게 안싫어하는데 트젠은 ㅈㄴ 싫어합니다,1
2020-03-08,3 ,저는 게이샛기와 트젠 개극혐함니당^^~~~~~ 투디 노상관이요 현실 똥꼬충 별님이들 보기싫허,1
2020-03-09,3 ,트젠 역겨워 옹호하시는 분들 블락좀ㅠ 이젠 존중 못하겠음 실제 여성은 탈코르셋 운동이 한창인데 트젠들은 코르셋 꽉 조이고 있고 이게 여성 인권에 당연 안 좋은 거 아님?,2
2020-03-09,3 ,트젠도 좃같음... 첨엔 걍 그른갑다 했는데 아니 시발.. 정신저긍로 전 여자래요!! 하면 다임? 봊달고 여성호르몬 주사 맞고 민증까지 바뀌면 ㅇㅈ 근데 왜 되다만것들이 여자니까 목욕탕 드갈거암 화장실 드갈거임 ㅇㅈㄹ하는거냐고.. 옷을 &gt;&gt;여자같이&lt;&lt; 입으면 다임..?? 역겨움,0
2020-03-15,3 ,난 사실 트젠 안믿어 ㅋㅋ 전남친이라고도 하기 싫은 그 새끼 나보고 자긴 트젠이구 ㅜ 여성에 가깝구 나한테 성정체성에 대해 자주 대화하구 그랬는데 ㅋㅋ 나랑 사귀고 나니 걍 남자되더라 그거에 대해서 너 트젠이라매 이랫더니 아니랫음 넘모 역겹당 이거예요,0
2020-03-15,3 ,젠신병자라 하면 좃따 기분 드럽긴 한데 진심 트젠은 정신병이야... 십바... 같은 부류 취급받긴 싫은데 저건 ㄹㅇ 중증 정신병이라고ㅠㅜ,1
2020-03-15,3 ,탐라에 게이다 트젠이다 거리는 남자들 넘어오면 다 블락 중ㅋㅅㅋ 똥꼬충 똥냄시나영...,1
2020-03-15,3 ,트랜스젠더 트젠 너무 진짜 정말 싫음. 니들이 정신적 여성 주장하는 동안 생물학적 진짜 여성들은 매일 더 죽어가며 불안에 떨고 있다고. 정신적 고양이라고 주장한다고 해서 고양이 되는 거 아니잖아. 망상 좀 그만해. 역겨워 죽겠어. 아무리 발악해도 너희는 남자야.,0
2020-03-17,3 ,트젠을 합리화할 거면 불쌍하다느니 트젠은 인권 없냐느니 그딴 소리 하지 말고 정신적 성별이 뭔지나 밝혀내 ㅋㅋㅋ 제일 중요한 건 뒷전이고 얌생이새끼마냥 감성팔이 처 하고 있노 구질구질 역겹다 그러니까 불쌍해서 여자란 거지? ㅋㅋㅋㅋ 수준 ㅈㅍ,29
2020-03-17,3 ,그 사건이 있었을때 남자들 반응이 한결같이 오 그러면 나도! 였는데 이젠 아주그냥 법적으로 인정받았다고 날뛰겠구나 싯팔 좆팔 진짜 더러워서 비수술 트젠은 그냥 여장남자지 어디서 트젠이라고 비비적대냐,0
2020-03-25,3 ,트젠이 왜 여자임? 자지 없음 다 여자냐. 트젠들이 여탕이나 여자화장실 여대가고 싶어하는거 시발 더러워서 진짜🤮🤮,0
2020-04-07,3 ,@tokki_nap 생물학적 트젠은 뭔 소리래요 그럼 트젠이 암수한몸이란 소린가; 트젠 너무 유해하고 폭력적이고 역겨워요~ 우우~,2
2020-04-11,3 ,으 트젠 빻남이 정치판에서 자들자들한다고? 역겨워,0
2020-04-19,3 ,으 내 트친중에 트젠 지지자가 있었다니 존나역겹다,0
2020-04-23,3 ,페미니스트들이 지적하는 여혐의 모든것들을 트젠신병자들이 하고있는데 트젠은 옹호해주는 페미니스트는 대체 뭘까,1
2020-04-23,3 ,@go_entj 허ㅓ억 그니까요 제말이요ㅠㅠㅋㅋㅋ 옛날에는 아... 트젠 분들 지지해용!(우웩) 이랬는데 이제와서 보면 처음 근본부터 여혐덩어리잖아요ㅜㅜㅋㅋㅋㅋ 극혐 아닐 수가 없음,0
2020-04-28,3 ,인공 보지 달고 전 여잔데욧?! 하는 거 놈딱 웃김 자지 없으면 여자임? 트젠 좆더럽다고 자지 새끼들아,1
2020-05-02,3 ,"내가 양성, 동성은 뭐라 안하고 싶어도 트젠은 역겨운게 없는 여성스러움 강조하고 있고 여성 인권 떨구고 있는게 트젠임
여장을 해도 후장 뚫리는 주제에 자지들이 왜이리 지랄을 하는지
역겹다",0
2020-05-18,3 ,"@RB_baksa 자댕이도 아닌데 부랄이 달려있으면...
혹시 트젠 똥꼬충? 윾엑",0
2020-05-23,3 ,ㄹㅇ 퀴어 배척을 하든 말든 내 알 바는 아닌데 퀴어도 우파 할 수 있음 아 물론 전 여성 양성애자고요 트젠 및 각종 젠신병자는 정신병이라 생각하고 게이는 싫어함,12
2020-05-24,3 ,이 계정 남자라며? 성노동=노동 배경에 계정닉은 멜섭 프사엔 트젠 쓰여있고  플필 소개는 ^창녀^(ㅅㅂㅋㅋㅋㅋ)ㅈㄴ 이상해서 페미들이 옛 트윗에 생리 단어로 찾아봤다는걸로 소름끼친다느니 디스포리아 온다느니ㅋㅋㅋㅋㅋㅋㅋㅋ 실화 남자면 창녀 워딩 쓰는 거 존나 역겨운거고 🤮 🤮 웩웩 https://t.co/N2TDByS9C7,1
2020-05-26,3 ,ㅈㅔ발 네?? 좀? 저기요? 설명좀? 해주시면? 안될까요? 사지가 멀쩡한 사람이 나는 사지가 없는데 왜 팔다리가 있지 느낌이 이상해 팔다리를 움직이는 감각이 역겨워! 라고 한다면 그건 정신병이에요... 실제로 저런 병이 있는거로 알고 처방이 된다고요 근데 왜 트젠은 아님...?,1
2020-05-27,3 ,비수술 트젠 개싫어함 비수술 트젠이 여자라고 여자화장실 가는 걸 생각하면 역겨움 걍 못 박을꺼라 싫으면 블락ㄱ 그리고 빻은 말 하던 ㅅㅇㅈ도 안좋아해요 빻은 말 많이 했던데 사과는 하나도 안보이고 내가 못 본건지 뭔지 암튼 본게 없음ㅋㅋㅋ;;,5
2020-05-27,3 ,"바이,레즈는 전혀 호모포빅?그런거 아닌데 게이랑 트젠이랑 젠더론 어쩌구는 싫어요. 비엘도 얼굴이 잘생겨야 아 그렇구낭 존맛 ㅇㅈㄹ하지 비앙카 같은 새끼들 봐 역겹지",9
2020-05-28,3 ,트젠 옹호자들 진짜 돌아버렸나봄 더러워,0
2020-06-11,3 ,기억하세요 젠신병자 후빨러들은 여성들이 트젠에게 살해당해도 입 다물고 있을 것이라는 사실......... 미래형도 아니고 이미 여성을 향한 좆젠들의 수많은 강간 성폭력 살인 폭력에 입 다물고있다는 사실....,1
2020-06-11,3 ,세상에서 트젠이 제일 싫다 진짜 한남과 트젠이 대결할 정도로 트젠 싫다 우웩,1
2020-06-21,3 ,이새끼 나 혐오자로 매도하고 꼽줘놓고 사과도 안 하네ㅋㅋㄱ 근데 저 트젠 혐오자 맞아요 근데 한남한테 욕먹은게 넘 기분더러움 사과하셈 https://t.co/7jPxmjdV6I,1
2020-06-22,3 ,이러니 트젠 남→여를 안 싫어할 수가 있나. 역겨운 가치관 가지고 살다 여자로 수술한다고 그 가치관까지 뜯어고치는 거 아니잖아. 으... 모든 사람 그러진 않겠지. 하지만 주변 반응 보고 자제할 줄이나 알든가. 그럼 적어도 저러는 거 자랑스럽게 얘기하진 않겠지. 더럽고 추하다...,1
2020-07-16,3 ,아니 사람들 왤케 트젠을 못버림? 뭣만하면 트젠이래 ㅋㅋㅋㅋㅋㅋ 가만히 잘있다가 색배치로 ㅇㅈㄹ하는것도 존나 역겹고ㅋㅋ 시스가 끠씨한거면 트젠이야말로 ㅈㄴ 전혀 낌세도 없는데 밀어붙이는게 끠시한거임?ㅋㅋ 모르잖아 병신들아 제발??!  이세상 모든 여캐가 트젠끠씨에 따라야함?ㅋㅋ,0
2020-07-16,3 ,악 트젠 넘 역겹다 트젠 옹호자들이 다 나를 블락해줬으면 좋겠다 악,4
2020-07-18,3 ,아이고씨발 이제는 색깔 하나로 송하나까지 트젠으로 만들어버리네 얘네 진짜 문제있는거아니냐 ㅋㅋ 사람들이 젠신병자 젠신병자 하는데에는 다 이유가 있다 https://t.co/wVR4I1ponh,16
2020-07-18,3 ,난 도대체 어디서 라레가 트젠이라고 해석할 수 있는 요지가 어디서 나왔는지 모르겠음. 심지어 맨날 트젠들이 트젠녀 가슴 크게 그리고 자지 달아둔 덕에 더 씹스럽게 보임. 트젠들 머리에는 '여자는 무조건 가슴이 크고 머리가 길다' 정도의 생각머리만 들어있는 거 같ㅇ우욱. https://t.co/2pj6aeyRJC,6
2020-07-19,3 ,라이레이 트젠 캐해 너무 역겹다...인알을 몇 번 하려고 하다가 세상이 잘못되었으며 난 논리적이고 똑똑하다 하는 꼬라지 꼴도보기 싫고 말섞기 싫어서 그냥 블락이나 할란다...들어오는 족족 그냥 블락해야지...,0
2020-07-21,3 ,트젠 왜계속실트오름??? 실트에더 젠신병자들밖에안버임,0
2020-07-28,3 ,웩 트젠 틧이였어 으;;;,1
2020-08-14,3 ,모시는 분위기에 똥꼬충들 몰려와서 남왕벌짓도(남왕벌 워딩 안좋아하는데 대체어 추천바람) 많이 하고 있다. 서양의 경우 인터넷이 많이 보편화된 후 포르노 사이트가 아닌 곳에서 쉽게 포르노를 접하게 만들어준 여초에 가까운 텀블러에서 이렇게 되서 트젠 플로우 생기고 ao3나 Livejournal?등,8
2020-08-19,3 ,@johansthal 뭔소리야 ㄴ니는 흉내가 아니라 여자든 남자든 달라지고싶어하는ㅇ애늘 욕한거 야니야 트젠이든 뭐든ㅇㅇ 걔내더러 진짜가 될수없는 가짜년이ㅇ랴고 ㅋㅋ 니 트젠이야??,0
2020-09-05,3 ,"로오히개빡치네 여캐노출이 다양성에포함될수있으니 노출은빻은게안된다하자 근데 젠더론은말이달라지잖아요 아...개빡쳐 트위터에트젠해시같은거 찾으면 뭐나오는진아세요? 개저빻남들이 가슴수술, 좆떼는수술받고 구역질나는사진들찍어올린게있던데 역겹더라구요 트젠이 이런건데 여성인권을 생각하",3
2020-09-25,3 ,명 준내 싫어 걍... 걍 좆같지 않냐 트젠인 게 우욱,0
2020-09-26,3 ,젠신병자들 어떡해... 트젠 쉴드 치려고 이런 소리도 한다.... https://t.co/47PnaWUq1x,3
2020-09-26,3 ,"님 엠비티아이 믿으면서 트젠은 왜 안 믿으세요? 이 부랄 떨었던 젠신병자랑 똑같음 ㅋㅋㅋㅋㅋㅋ 망상 앱타쿠인 즈그들이 젠더 세계관에서 망상 젠더 하나씩 잡고 ""터프여! 나 뭐시기 젠더의 칼을 받아라!!"" 이러고 노는 걸 이렇게 보여 주다니 https://t.co/Lknfr4jOj7",5
2020-09-30,3 ,"아 더러워~
아 더러워~
아 더러워~
아 더러워~
아 더러워~
아 더러워~
아 더러워~
아 더러워~
아 더러워~
아 더러워~
아 더러워~
아 더러워~
아 더러워~
아 더러워~
아 더러워~
아 더러워~
아 더러워~
아 더러워~
트젠 역시 능지 수준 ㅋㅋ https://t.co/S8y1gqRvzL",0
2020-10-13,3 ,진짜 역겹다 ㅋㅋ 그래 너 트젠이고 영원히 여자가 될 수 없어요 .. 생리는 당연히 못하지 ㅋㅋ 더러운 피 몸 안에 죽을 때까지 고이고이 간직하세요,1
2020-12-02,3 ,아~ 트젠 너무 싫다... 저건 정신병이지... 역겨워 🤮,0
2020-12-22,3 ,차별금지 이지랄하네 ㅋㅋㅋ 트젠 정신병 맞는데 그 누가 성별을 바꾸고 싶어함? 여트젠은 이해를 하겟다만 남트젠은 고추한테 뒤뚫리고 싶은 거잖아 ㅋㅋㅋㅋㅋㅋ 성별만 여자로 바꾸면 남자가 다 고추 대주는 거로 착각하나 본데 현실은 본인들 남자였을 때 보다 역겨워함 ㅋㅋㅋㅋㅋ,0
2021-01-10,3 ,트젠 극혐  혐오스러워  에이즈  더러워.,2
2021-03-14,3 ,"트젠 존나 역겹네 ; 여자 지우기 오져 
정병새끼들이 https://t.co/qUUyaKQz83",3
2021-03-27,3 ,우웩 시발 트젠 ㅗ,0
2021-04-01,3 ,어디 섬에 다 가둬서 똥꼬충이랑 트젠이랑 한남만 살게 하자,2
2021-04-15,3 ,아미쳤나 이부분 진짜 존나 토나옴 진짜 존나역겨움 he could treat me as a vulnerable woman 🤮 his slap had been the most feminizing thing that had ever happen to me 🤮🤮🤮🤮🤮🤮🤮🤮 내 인생에서 가장 순수하게 feminization 당했던 순간🤮 여성주의하면서 트젠을 어떻게안고가 ㅋㅋ https://t.co/UDxiUVum4J,0
2021-04-16,3 ,"아 몰라 걍 좆달린것들 다 역겨움ㅋㅋ
사실 좆떼버린 트젠도 같이 역겨움 아 몰라 걍 XY들은 다 꺼져줬으면 좋겠다
내가 좋아하는 XY는 포켓몬스터 X.Y밖에 없음",0
2021-04-24,3 ,트젠 인공보지에서는 한달 묵힌 방구 냄새가 난다 https://t.co/bXAuWxHJJ7,6
2021-07-02,3 ,"내 계정에 있는 젠신병자가 여혐하는짓만해도 300건이 넘는데 그런건 절대로 눈에 담지도 않는 주제에 아무튼 트젠을 인정안하면 혐오자라고 말하기...
마치 세뇌당한것마냥 다 똑같이 반응하고...",14
2021-07-03,3 ,트젠이고 나발이고 좆 달고 여자화장실 들어오지 말라고 이 간단한 걸 왜 못 알아 처먹는지?? XX면 여성이고 XY면 남성이지 가끔 성염색체 문제 있으면 그건 간성이지 트젠이 아니지요 자기 신체 부정하는 게 정신병이지 젠더는 무슨 얼어죽을 젠더야 나는 XY가 여자화장실 들어오는 거 싫음 역겨워,2
2021-07-04,3 ,"트젠은 존재 자체가 악임
여성인권 존나 낮추잖아
트젠은 걍 ^여성성^고정에 기여 할 뿐임 개역겨움
느그들이 머리기르고 화장해도 그건 머리기르고 화장한 자지일 뿐이지 여자가 되는건 아닌데..그런 간단한것도 모르고 꼬아서 생각하니 능지 수준이 저런거지",0
2017-11-12,4 ,트젠이 뭐라하든 나는 젠신병자로 알거임. 그리고 그렇게 말하거시다. 좆같은 한남 소추뗀다고 해도 어디 안감. 유전자가 개같은 한남인데ㅋㅋㅋ 디폴트값 무시 못함,0
2017-11-14,4 ,ㅋㅋㅋㅋㅋㅋ미친 젠신병잨ㅋㅋㅋㅋㅋㅋㅋㅋㅋㅋㅋㅋㅋㅋ 아 미치겠다 개웃기네 내기준 트젠은 걍 고추떨어진 냄져인거슬.. 니들은 니들끼리 살아 제발 십새끼들아ㅠ,0
2018-01-13,4 ,"나는 래디컬페미가 되고싶고 철저히 여자들만 챙기고싶다.
게이,고추단 트젠? 예전엔 그들이 받은 차별이 너무 불쌍했고 내가 그들의 편이 되면 그들도 나의 편이 되어줄거란 희망을 가지고 있었는데ㅋㅋ
어쨌든 고추는 고추더랔ㅋㅋ게이와 고추단 트젠이 여혐덩어리인거 알고 존나 역겨워짐 죽던가♡",0
2018-02-04,4 ,똥꼬충 뿐만이 아니라 자지달린것들 그냥 다 죽이고싶어ㅎ 남장애인 트젠 똥꼬충 전부ㅎㅎ,0
2018-09-10,4 ,"RT) 어휴... 이러니까 젠신병자(MTT)라 불리는 거다 조팔.
태어날 때부터 여자였던게 아닌 이상,
뇌내 망상만으로 자기가 여자라고 할 수 없는데 트젠 따위가 여성이라 자칭하다니.",1
2018-10-04,4 ,"ㅇㅌ) 트젠 젠신병자 라니깐요 트젠 페미하지 말라고프로필에 무지개 다는 젠신병자들 페미할 권리 없음
페미좀 그만 괴롭혀 젠신 퀴어들아
트위터한다고 아묻따 생각없는 한남충들 처럼 프로필에 무지개랑 영어로 페미달고 그러는거 아니다
퀴어는 페미가 아니다
퀴어는 페미가 아니다",0
2019-03-18,4 ,젠더론지지 웅앵앵 하지말고 직접 트젠신병자새끼들 커뮤니티 가보셈ㅋㅋㅋㅋㅋ이보다 더 성별이분법적일수가없음 온갖 여성에 대한 고정관념들과 여혐으로 가득 찬 글들을 보게될것ㅋㅋㅋㅋ여성도 흉자있듯이 트젠에도 흉자있는거라고? 아니 니들은 '흉내'자지가 아니지 자지달고태어났잖아 ^^ https://t.co/iGcUxnp9J5,286
2019-06-19,4 ,인생 존나 편하게 살려고 하는 트젠 XY변종 새끼들 나가 디져라 진짜 생각이나 하는 짓거리나 마인드도 개더러우니까,0
2019-08-24,4 ,가랭이에 달린 트젠이 무슨 여성이야? 기분나쁘게. 역겨운 트젠놈 대가리 터져죽지? — 여자 아니라니까? https://t.co/8PIsVdzwlm,0
2019-10-19,4 ,젠신병자 여혐 좆빨러 말 들으면서 그만 좀 하라고 하니까 니가 젠더론따위 믿으니까 스스로 성별에 자괴감와서 그러는거 아니냐 욕먹기싫음 트젠탈출해라 우린 트젠 챙겨줄 필요없음 구원은 셀프임^^~,4
2019-11-15,4 ,조팔 아직도 시스 어쩌구 트젠 빠는 젠신병자들 이렇게나 많이.?!,1
2019-12-10,4 ,허허 미셀오바마가 트젠이고 버락 오바마는 게이 똥꼬충 맞다니까?ㅋㅋㅋ진실을 어찌 이리도 외면할꼬? 지능이 낮은 퀴어라서? 오바마가 퀴어지지자라서 실드치는거?ㅋㅋㅋ이러니 트젠들이 노답이지 그 테러리스트 오바마 실드치고 설령 미셀쓰레기나 버락똥꼬충이 트… —  https://t.co/oqYlJot1rl,2
2020-01-23,4 ,트젠 개병신새끼들 핑크색 좋아하고 치마만 입으면 여자임 에베베 우웩ㅋㅋ,0
2020-01-30,4 ,"트젠 숙명여대 입학 환멸남 더러워 진짜 꼬추 뗀 자댕이 새끼가 사회적 여성성 주워들고 여자여자 거리는 거 토나옴,,.;; 속닥에서도 몇 명 언니들 뇌는 여자인데 성별이 남자였던건뿐(???) 이런 소리한다고",0
2020-01-30,4 ,"@St_C12H22O11 ㄹㅇ 걍 한남 좋아하는 한남이면서 여자되면 잘생긴 일반한남 만날 수 있겠지? 마인드로 트젠 된거 다 티나요ㅋㅋ 한남덜,,,  똥꼬는  존 나 빨아재끼면서,,!  여성들  파이만  탐내는 새끼덜,,,  더럽고,,,  추찹시럽다,,,,,! 이  호로  잡것들아,,,,,!",1
2020-01-30,4 ,아니시발 트젠이 여대를 오ㅑ 지원해 시발ㅜㅠㅠㅠㅠ그저 한남이지 지금 여대 다니는 입장으로 mtf랑 같이 긱사 방 쓰고 공용샤워실 쓰고 한다고 생각하면 존나 토나와 웩,0
2020-01-30,4 ,엥???? 여대에 트젠 입학???? 어우 씨발 역겨워 미쳤나,0
2020-01-30,4 ,아 진짜 개빡치네 ㅋㅋ 자지자르면 보지되냐? 좆넣을 구멍만 되면 보지라 칭하는거 자댕이들 종특이냐? 똥꼬충새끼들도 그렇고 트젠도 그렇고 구멍만 만들면 보지래 육갑들떤다,0
2020-01-30,4 ,진짜 씨발 존나 좆같다 씨발 ㅋㅋㅋㅋ 고추를 땠건 뭐건 왜 ㅋㅋㅋㅋ 남자를 여대에 입학시켜 존나 기분 더럽고 짜증남 트젠 진짜 존나 싫어 씨발 ㅋㅋㅋ 걍 딴데 가 썅 좆같게 진짜 이때까지 남자로 혜택 존나 잘 받아쳐먹고 살았으면서 고추 때고 여대 들어가고 지랄이야 씨발롬이,0
2020-02-04,4 ,시발 트젠 역겹노,0
2020-02-07,4 ,"아 좆같네 지금 여대 키워드로 서칭해서 빻소리 꼬박꼬박 신고+뮤트하는중인데 존나 끝이 없음 또라이새끼들 ㅋㅋ;

게이 기혼여성 트젠 레즈 다음은 뭐냐? 너무 궁금하네~~ 존나 역겹다 말만 페미지 남자로 못태어나서 누구보다 억울하신분들 

요새 트젠들 왜이렇게 나대냐 &lt;- WOW",4
2020-02-08,4 ,"역겹다 트젠,드랙이 유튜브나 인스타 들어가서 봐라. 쟤네가 말하는 여성이란게 저딴거다. 남자들 오락을 위해서 여성성을 쓰는 모습. 진짜 여자는 너네처럼 안살아. 가짜보지 달고 지랄하지마 정신병자 새끼들",0
2020-02-15,4 ,아니 근데 쓰까들은 목욕탕 갔을 때 자지 달린 놈 만나는 거 안 역겨워? 같이 탕 쓰는 거 안 역겨워? 언제 그렇게 비위 좋은 노예가 된 거임?그래도 &gt;대부분의 남자가 그렇진 않아요&lt; 이거에 화내던 사람들 아님? 근데 왜 &gt;대부분의 트젠이 그렇진 않아요&lt;에 동조하고 있는 거임?,4
2020-02-16,4 ,트젠=정신병 왜 깨닫지못할까? 부둥부둥해줘서 지네 위치를 모르는 것 같아 ㅋㅋㅋㅋ 하긴 쟤네의 뒤에는 권력자인 똥꼬충들과 한남이 지켜주니까,0
2020-02-25,4 ,"송우주 실드치는 놈들
송우주를 여자라고 봐서 여혐이라고 감싸는 게 아니라
느그 트젠이라서 감싸는 거
다 아는데 뭘 자꾸 여혐하지말래
느그 트젠 인공보지 달아놓고 보지미인 이 부랄떠는 부랄 쉰내나는 자댕이",1
2020-02-26,4 ,트젠에 대한 이해는 트젠 느그들이 젤 높을 거 아냐 ㅋㅋㅋㅋㅋ 니네가 챙겨야지 ㅋㅋㅋㅋ xx들한테 ^xy가 느끼는 정신적 여성성^의 이해와 무한 존중을 바라는 거 너무 이기적이고 역겹지 않니? 여자들한테 여자가 뭔지까지 훈계하려 들어 좆스플레인 느개비 어휴,15
2020-03-06,4 ,xx 좀 가만 냅둬 xx 더러 시스여성 시스여성 해 주니까 xy 트젠 지들도 진짜 여성인 줄 알지 한남의 강간 판타지에 공포를 느끼는 건 니들이 쉐복 중인 여성의 권력 ㅋㅋ 이 아니라 느그 개빻은 트젠들의 정신나간 열등감이야 정신차려 드러운 새끼들 같은 xy 아니랄까 봐;,7
2020-03-09,4 ,@kirakiraluvs 님 정말 저랑 친구 하셔야만..... 저 타겜 장르에서 그 일 터졌을 때 트젠 개싫다 했다가 알티로 욕까지 먹었어요 ㅎ 에휴 똥가루 뿌리는 넘들이랑 후장섹스나 하라 합시다 웩 저희는 깔끔하고 클린하게 놀아보아용^^,0
2020-03-17,4 ,아니 미쳤나봐 시발놈들 제거도안한새끼들이 왜 여탕들어와? 그럼 지 트젠이다 속이는 일반남자들이들어와도 얜 제거안했지만 트젠이라고하니까 이해ㅇㅇ 할거잖아 이 개씨발놈들이 더러운새끼들 이제 목욕탕도 맘대로 못가냐,1
2020-03-18,4 ,트젠 존나 역겹다 사회의 암이 따로있나ㅋㅋㅋㅋㅋㅋㅋㅋㅋㅋㅋㅋ젠신병자 새끼들 좀 숨어살어 쪽팔린줄을 모르고 꾸역꾸역 쳐기어나와서 여자 자리 뺏네,0
2020-03-19,4 ,처음엔 그래 자기가 여자라고 생각해서 트렌스젠더했겠지 불쌍하다 이러면서 이해됐는데 트젠 수술하려고 성매매하고 저딴 썰풀고 이러는거보니까 존나 그냥 더럽다 아 뭐라고 펴현해야할지 모르겠는데 병신같아 ㄹㅇ;;;;;;; 자랑이다 남탕여탕 둘다 가서 https://t.co/8fS6gZdUCZ,0
2020-03-23,4 ,머리가 띵하다 어떻게 난 태어났을 때 남혐 없었는데 살아가면서 이렇게까지 극단적으로 남자가 역겨울 수 있지 이건 진짜 y염색체가 답이 없는거야 진짜로.... 간성제외 y염색체 ^생물학적^ 남성 다 뒤졌으면 ㅎㅎ 응 트젠 포함이야,2
2020-03-25,4 ,트젠노뮤시러 트젠토나와트젠우웩 트젠은 중성화한건디 https://t.co/T9chtWzWZD,0
2020-04-26,4 ,아시발 잠만 오시안 여친있다고? 여친이 심져 ㅅㅂ 트젠이라고???  아 캐릭터 ㅈㄴ깨네 웩,0
2020-04-29,4 ,@Rakuku_man 님아 심심하세여? 자캐놀음이나 하시지 먼... 네넹 님 지인 짱이네요 하하 트젠혐? 아니...트젠 존재가 여혐인데 먼...? 이래서 쓰까들은 안되네용 ㅎㅎ  쓰가판에 코튼실링 강간범 게이똥꼬충무리 존많인건 아실테고..? 여혐..?흠..ㅎ 갈길가세여 ㅎㅎ,3
2020-05-09,4 ,똥꼬충 게이 트젠 씨디 변태성욕자들아 농담이 아니고 니들 똥꼬신의 심판을 받을 것이다. 애널로즈로(그만큼 박아줄 사람도 없는게 팩트지만ㅋㅋ머 없으면 항문자위라도 열심히 하셈) 살다가 휴먼 똥퓨저로 비참하게 마감될 인생.,0
2020-05-12,4 ,유튜브 시둥이 트젠 이면서 성상품화 지지하네 개같은놈 창놈 진짜 어우 역겨워 그냥 저러면 그냥 남자새끼지 썅 아오,0
2020-05-16,4 ,트젠 똥꼬충 줜나 조팬 트윗 다 엮어서 책으로 내 버려야 함,37
2020-05-26,4 ,반박해봐 빡대가리역겨운새끼들아 글고 트젠 옹호하는 여자들아 너넨 여자 아님ㅇㅇ 진정한 흉내자지임 인생 글케살아서 좋겄닼ㅋㅋㅋㅋ,17
2020-05-26,4 ,옛날엔 트젠 별 생각 없었는데 지금 생각하면 존나 이기적임 이제 자기는 여자랍시고 치마입고 화장하고 다니는것도 우웩이고 여자 화장실도 당당하게 들어가는것도 좆같음 아오 씨발,0
2020-05-27,4 ,"더러워. 트젠이 이정도로 끔찍한 사상을 가지고 있었나. 수없이 살해당한 여아들을 향해 한다는 소리가,여자신체지만~남자정신을 가졌을수도 있으니 역시 시스여성이라도 트젠보다 권력자야~~~ ....이젠 저것들 인간취급 안하련다.",3
2020-05-27,4 ,진짜 트젠은 젠신병자라고생각함 씨발그렇게따지면나는 왜 트랜스독수리못해??,0
2020-05-29,4 ,"트젠 걍 정신병이라 생각
고추달린 남성이 무슨 여성.. ... ....?
개인으로 국한해서 패기엔 패싱 이지랄 떨면서 여자화장실 드가는 트젠 오조오억명 존나시러 더럽어용😌",2
2020-06-24,4 ,여자가 나 남자로 살래! 하면 ㅇㅋ 하겠는데 남자가 여자 될래 하는 건 더러움 애초에 걔는 화장하고 머리 길러서 찢어진 천쪼가리 입고 여성 인권 떨어뜨릴려는 창놈이잖아 트젠 지지하는 사람 노이해 블락해블락해 트젠지지하면 블락해 웩웩 창놈같이 살아 웩웩,0
2020-06-30,4 ,"시발 다 허용하는데 여성으로 트젠한 전 남성 뭐라 불러야하는지 모르겠지만 그건 거를래
더러워",0
2020-09-05,4 ,나 트젠 게이 말투 좆나 극혐임 웩 나온다 웩...... 뭐만하면 뒷보댕ㅇi 보ㅈ 떨린다 서방님 어쩌구하면서 여자는 싫어하는데 여자 성기 지칭하는 용어는 쓰고 뭐하자는거노? 걍 뒤지던가,0
2020-10-14,4 ,드랙 트젠 좆나싫음... 으웩 탐라에 들이지말아줘... 다 블락함,0
2020-10-19,4 ,아니씨발 트젠 ㅅㅂ 시스여성이라고하는거 개꼴받네 씨.발놈ㄷㄹ들아 가짜보지들아 ㅅㅂ 개빡치네,1
2020-10-24,4 ,어.... 미국의 게이바에서 초딩? 나이 때의 젠신좆유충이 자기 여자라며 여자 옷 입고 스트립쇼하고 똥꼬충들이 남자아동이 자기는 여자라면 스스로 성적대상화하는거에 열광한 게 트젠6여성9의 임파워먼트라고 이미 작년에 진보매체에서 흑좆나 빨아줬습니다... 그리고 젠신좆 스트리퍼였나 https://t.co/KHw0ewLds9,4
2020-11-27,4 ,시벌 진짜 트위터에서 젠신병자들 어케 못 몰아내냐 진짜 트젠들 이상한 짓이랑 논리 안 맞는 거랑 여혐 존나 까다가 저격 먹음ㅋㅋㅋㅋㅋㅋㅋㅋㅋㅋㅋㅋㅋㅋㅋㅋㅋㅋㅋㅋㅋㅋㅋㅋㅋㅋㅋㅋㅋㅋㅋㅋㅋㅋㅋㅋㅋㅋㅋㅋㅋㅋㅋㅋ나 정말 여자가 저렇게 트젠 옹호하는 거 보면 한숨 나와 미치겠어ㅋㅋㅋㅋㅋ,5
2020-12-10,4 ,아 시바 트위터에 cd든 트젠이든 와꾸 사진 좀 올리지마라 역겨워서 어제 먹은 술 토나올거같음,9
2021-03-21,4 ,"똥꼬충존나더러움
lgbt로 게이랑 레즈 트젠 엮는거 그만해야됨
레즈들은 그들과 엮일 위치가 아님... https://t.co/IUX7YRDxtQ",11
2021-03-28,4 ,"나 트젠 혐오함
좆덜렁더렁ㅇ달고서 에에-?내가 외 남자야??후웅 ㅠㅠ 난 여자거든!!여자화장실 들어가는게 당연하다굿 ㅠㅠㅠㅠ
ㅇㅈㄹ하는거 생각하면 와 개토나옴씨발ㅋㅋ역겨워 ㄹㅇ
좆덜렁거리면서 여자화장실 웅앵하고싶냐??ㅋㅋㅋㅋ
좆떼도 니들은 xy야 도태남들아",2
2021-03-29,4 ,"김진아 후보님께 자꾸 트젠 언급하는 거 존나 졸렬하고 역겨움 

느그 트젠 안 챙긴다고 좆팔
6.9 떼면 여자니?",0
2021-04-04,4 ,"이새끼들이 간성을 트젠 논리에 갖다 쓰는 것도 참 병신인게 간성은 객관적으로 분류가 가능한 신체적, 유전적 특성이지 지새끼들 말처럼 '내 마음 속에 있는 그 무언가의 느낌' 따위가 아님. 능지가 저정도여야 트젠꿘을 하나 싶기도 하고.",8
2021-05-19,4 ,"아~트젠꺼져~
트젠은 ㄹㅇ 사회악임ㅋㅋ
트젠은 여남 성역할 고정화에 더 일조할 뿐임
유튜브에 트젠쳐봐라 ㅋㅋ 가슴큰 ^여자^가 ^여자목소리^내면서 자지한테 들러붙는거 나오지 씨발ㅋㅋ
아 역겨워 ~ 트젠은 ㄹㅇ 능지문제임ㅋㅋㅋㅋㅋㅋ https://t.co/jZiKW0vv18",2
2021-06-30,4 ,시발 트젠 맘찍하는 새끼가 구독했어 좇달린 새끼들 여자인 척 하는거 존나 역겨움 샌드위치 올라올것같아,0
2021-07-03,4 ,진짜 시발 꼴에 머리 기르고 화장하고 고추 자르면 다 여자라고 생각하는 것부터가 존나 빻은 한남 그 자체인데 ㅋㅋㅋㅋㅋㅋㅋㅋㅋㅋㅋ 트젠 같은 병신들이 소수자랍시고 양지에 나오는 거 진짜 너무 우웩임 🤮 여성들의 일상 속 안전한 자리까지 넘봄,0
2021-07-27,4 ,"여성인권의 혜택이라니 꼭 요즘은 여성 상위시대지~ 하는 한남개저같아요 더러워요
지정성별 여성이어서 좆같은 꼴만 겪고 불이익만 산더미였는데 트젠이라고 또 너네같은 혐오자한테 혐오 당해서 그냥 메가 좆같아요 그리고 아무데나 PTSD 갖다 붙이지 말기~ 존나 씨발스럽거든요 네? https://t.co/sI5xf9VCXC",5
2021-11-08,4 ,트젠이 똥꼬충 창놈이라 그렇게 변질된걸 왜 여자탓? 우리는 트젠바 성매매업소니까 XY라도 레즈바에 끼워조 잉잉 https://t.co/rPYSfoGEUU,31
2021-11-29,4 ,트젠이랑 트젠엘라이 시발새끼들 여기 인용에는 단한명도 안보이는거 봐라 진짜 너무 역겹고 찌질하다 https://t.co/cbuaYqdoJz,38
2022-01-24,4 ,뿌삐님... 트젠도 뿌삐님도 앰창할 병신이긴하지만... 진짜보지 가짜보지 할거없이 그냥 면상판에서부터 테스토스테론 농도 100% 한국남자의얼굴을 가지신 님이 하실말은 아니신거같아요오... ㅇㅅㅇ https://t.co/pT48ecfpF4,57
2018-04-09,5 ,"구우우어에에에ㅔ엑 트젠들 진짜 개좆극혐임 ㅇㄱㄹㅇ
mtf들 좆팔 그냥 다 나가뒤졌으면 정신병자들 트젠은 정신병임ㅋ
지들이 하는 여혐짓 생각안하고 항상 여자더러 감수하라고만하고 미친것들
심지어 토나오는 트젠새끼들은 여성차별받는거와 코르셋마저도 그건 (그놈의 시스시스 ㅅㅂ)",2
2018-09-08,5 ,어놓고 가슴찍고 섹파 구한다고 써놓은 글만 몇갠데ㅋㅋㅋ 트젠한 목적이 너무 투명하잖아 진짜 그냥 여성의 성적인 부분이 필요한거ㅋㅋ 이래도 내가 트젠을 옹호해야할 이유가 있나? 시발 존나 좆같아서 토나와 다른 퀴어들은 몰라도 얘네는 진짜 존나 다같이 꼭 뒤졌으면 좋겠다 더러운 새끼들아^^,0
2019-04-08,5 ,"@Quarks_3_ https://t.co/dcsOddIQzI
페미동아리에 페미니즘에 관심도 없는 트젠을 6정신적9 성별이 여자라는 이유만으로 받아줘야 하냐고ㅋㅋ너한테 남긴 첫멘션에서 네가 욕설 썼으니 나도 쓴다 한남충마인드새끼야ㅋㅋ뇌에 좆물만 가득찬 좆빨러 가부장제부역자씨 제발 설명 좀 해 보라니까요ㅋㅋ",1
2019-09-15,5 ,전 씨디 개싫어해요 진짜 눈 앞에 나타나면 개패버리고싶음ㅋㅋㅋㅋ ㅋㅋㅋㅋ ㅋㅋㅋㅋ ㅋㅋㅋㅋ ㅋ 진짜 옘병헐 그 빻은 '여성성'에 집착해서 진짜 여자도 아닌 것들이(트젠 제외.. 물론 트젠이든 여자든 개빻으면 죽인다) 여자를 씨발 '일탈'과 욕구 '해소'의 수단으로 쓴다는 거 역겨워,7
2019-11-02,5 ,와 진짜 개씨발새끼 내가 저래서 트젠 드렉 존나싫어해 씨발 존나 역겨운 기갈충새끼들 씨발 저런새끼들 존나 고통스럽게 뒤져버렸으면 좋겠다; 개씨발(;;,0
2020-01-22,5 ,난 트젠 걍 시른데 ftm이면 모를까 mtf은 개더러움 죽창으로 찔러서 통트젠구이가능?????,1
2020-01-26,5 ,니 보지 짭보지다 니 보지가 어떻게 있냐 정신병자새끼 대체 여자가 어떤 인생을 살았길래 대가리 돌아버려서 트젠이라고 주장하냐 그냥 역겨우니까 닥치고 재기했으면좋겠다 트젠주제에 보지얘기꺼내지마라 죽여버린다 등등 얘기하는거 몇날며칠 듣고있는거 생각보다 정신적 타격이 크더라고요~~,9
2020-01-30,5 ,아 좆팔 트젠 정신병자 젠신병자 돈고충 새끼들 전 어렸을 때부터 인형 갖고 놀기 좋아했고 치마를 입고 싶었어요 제가 여자란 얘기죠 이딴 애비 뒤진 소리 할 시간에 싹 다 재기나 했으면~~,1
2020-01-30,5 ,"우웩 트젠이 여대??? 개쌉소리도 급이 있지
여자가 되고싶으면 다음생엔 여자로 태어나길 기도하여 재기해🚫🚫🚫",1
2020-02-19,5 ,트젠 새끼들 그냥 한군데 몰아넣고 싹다 학살시켜야돼;; 아 진짜 역겨워 죽겠어 시발,0
2020-03-15,5 ,트젠들 그렇게 여자로 살고싶으면 걍 뒤져서 빠른환생 추천 트젠도 퀴어야 퀴혐~ㅇㅈㄹ떠는꼴 더럽다 게이 인권이고 트젠 인권이고 지들끼리 똥꼬나 빨라하셈,0
2020-04-23,5 ,옛날옛적 트윗이 왜 다시 알티 타나 했더니 실트가 성염색체네 어휴 피곤해 트젠은 정신 문제지 성염색체 문제 아님 정신병 고치려고 고추 자른다? 정신병에 신체 장애까지 갖는 것 고츄 떼서 보지 모양 만드는 거 개좆팔 변태새끼도 아니고 좀 뒤져 역겨움,364
2020-05-27,5 ,헉! 거기 당신! 트젠인가요? 네? 렏펨들 때문에 무서워서 못살겠다구요?ㅠㅠ 어떡해ㅠ 그럼 죽어요ㅠ 어쩌라고ㅠ 좆자른한남이 여성인척 하는거 존나 역겨워요ㅠ,0
2020-05-29,5 ,@oUVseNjcg9Ffs4R 니네같은  모.ㅡ지리들이 있어서 이런 잣.걸래같은 인성 더러운 년이 판을치는거여 이새.끼 말하는거보니까 남자다   레알100% 남자  아니면 트젠 둘중에 하나 100프로 확실하다  개걸래같은 새끼   문의하는디 그딴인성으로 나오면되나,0
2020-06-04,5 ,그래서 그냥 남자도 싫고~ 음 ~ 전 트젠 지지도 안하는 사람이라.. 내앞에서 지가 트젠이란 소리하는 냄져잇으면 좃대가리 뜯어줄 건데.. 그럼 걍 성기능 상실한 남자인 거지 우웩,0
2020-06-24,5 ,그냥 XY 자살해 트젠도 싫으니까 자살해 징그러울 뿐더러 걍 변종 괴물이 트젠임 우웩,0
2021-01-11,5 ,한국남자(한남이라 하면 싸불당함)도 싫고 외국남자(양키남이라 하면 싸불당함)도 싫고 중국남자(짱깨남이라 하면ㅇㅇ)도 싫음 트젠?우욱씹ㅋ 치마입고 여자ㅇㅈㄹ 자11살강추!,0
2021-01-26,5 ,"여자는 나야 MTF는 여자 될 수 없어~~
ㅉㅉㅉ 바이오 한 바가지 써놓은거부터 븅신인증이죠? 예 저는  트랜스 뉴트로지나 트로피카나 판타지스타입니다~~ㅎ 꼬추떼고 인공 질 달아서 여자인가 태어날때부터 성염색체 xx로 태어나서 여자지 난 그거말고 내가 여자인 이유 댈 수 없어 트젠 우웩 재기해라 https://t.co/ylmCbNbR6z",3
2018-10-06,2 ,"트젠 신고, 역겹다.",0
